,Unnamed: 0,date,tavg,tmin,tmax,prcp,snow,wdir,wspd,wspt,pres,tsun,name,km^2,bev,m,w,dichte,plz,longitude,latitude,reiseGebiete,verstädterung
0,0.0,2015-01-02,,,,0.6,,,,,,,,,,,,,,,,,
1,1.0,2015-01-03,,,,3.5,,,,,,,,,,,,,,,,,
2,2.0,2015-01-04,,,,0.9,,,,,,,,,,,,,,,,,
3,3.0,2015-01-05,,,,0.1,,,,,,,,,,,,,,,,,
4,4.0,2015-01-06,,,,0.0,,,,,,,,,,,,,,,,,
5,5.0,2015-01-07,,,,0.6,,,,,,,,,,,,,,,,,
6,6.0,2015-01-08,,,,21.3,,,,,,,,,,,,,,,,,
7,7.0,2015-01-09,,,,5.9,,,,,,,,,,,,,,,,,
8,8.0,2015-01-10,,,,14.2,,,,,,,,,,,,,,,,,
9,9.0,2015-01-11,,,,2.4,,,,,,,,,,,,,,,,,
10,10.0,2015-01-12,,,,3.8,,,,,,,,,,,,,,,,,
11,11.0,2015-01-13,,,,0.0,,,,,,,,,,,,,,,,,
12,12.0,2015-01-14,,,,7.0,,,,,,,,,,,,,,,,,
13,13.0,2015-01-15,,,,1.4,,,,,,,,,,,,,,,,,
14,14.0,2015-01-16,,,,0.3,,,,,,,,,,,,,,,,,
15,15.0,2015-01-17,,,,4.1,,,,,,,,,,,,,,,,,
16,16.0,2015-01-18,,,,0.0,,,,,,,,,,,,,,,,,
17,17.0,2015-01-19,,,,0.0,,,,,,,,,,,,,,,,,
18,18.0,2015-01-20,,,,2.2,,,,,,,,,,,,,,,,,
19,19.0,2015-01-21,,,,0.0,,,,,,,,,,,,,,,,,
20,20.0,2015-01-22,,,,0.0,,,,,,,,,,,,,,,,,
21,21.0,2015-01-23,,,,0.1,,,,,,,,,,,,,,,,,
22,22.0,2015-01-24,,,,0.0,,,,,,,,,,,,,,,,,
23,23.0,2015-01-25,,,,5.7,,,,,,,,,,,,,,,,,
24,24.0,2015-01-26,,,,5.0,,,,,,,,,,,,,,,,,
25,25.0,2015-01-27,,,,2.1,,,,,,,,,,,,,,,,,
26,26.0,2015-01-28,,,,3.7,,,,,,,,,,,,,,,,,
27,27.0,2015-01-29,,,,7.2,,,,,,,,,,,,,,,,,
28,28.0,2015-01-30,,,,11.3,,,,,,,,,,,,,,,,,
29,29.0,2015-01-31,,,,3.1,,,,,,,,,,,,,,,,,
30,30.0,2015-02-01,,,,2.9,,,,,,,,,,,,,,,,,
31,31.0,2015-02-02,,,,3.7,,,,,,,,,,,,,,,,,
32,32.0,2015-02-03,,,,0.6,,,,,,,,,,,,,,,,,
33,33.0,2015-02-04,,,,0.0,,,,,,,,,,,,,,,,,
34,34.0,2015-02-05,,,,0.2,,,,,,,,,,,,,,,,,
35,35.0,2015-02-06,,,,0.0,,,,,,,,,,,,,,,,,
36,36.0,2015-02-07,,,,0.0,,,,,,,,,,,,,,,,,
37,37.0,2015-02-08,,,,0.6,,,,,,,,,,,,,,,,,
38,38.0,2015-02-09,,,,1.3,,,,,,,,,,,,,,,,,
39,39.0,2015-02-10,,,,1.0,,,,,,,,,,,,,,,,,
40,40.0,2015-02-11,,,,0.0,,,,,,,,,,,,,,,,,
41,41.0,2015-02-12,,,,0.0,,,,,,,,,,,,,,,,,
42,42.0,2015-02-13,,,,0.0,,,,,,,,,,,,,,,,,
43,43.0,2015-02-14,,,,0.0,,,,,,,,,,,,,,,,,
44,44.0,2015-02-15,,,,0.0,,,,,,,,,,,,,,,,,
45,45.0,2015-02-16,,,,0.0,,,,,,,,,,,,,,,,,
46,46.0,2015-02-17,,,,0.0,,,,,,,,,,,,,,,,,
47,47.0,2015-02-18,,,,0.0,,,,,,,,,,,,,,,,,
48,48.0,2015-02-19,,,,0.0,,,,,,,,,,,,,,,,,
49,49.0,2015-02-20,,,,0.0,,,,,,,,,,,,,,,,,
50,50.0,2015-02-21,,,,0.5,,,,,,,,,,,,,,,,,
51,51.0,2015-02-22,,,,0.0,,,,,,,,,,,,,,,,,
52,52.0,2015-02-23,,,,3.2,,,,,,,,,,,,,,,,,
53,53.0,2015-02-24,,,,0.0,,,,,,,,,,,,,,,,,
54,54.0,2015-02-25,,,,0.0,,,,,,,,,,,,,,,,,
55,55.0,2015-02-26,,,,0.0,,,,,,,,,,,,,,,,,
56,56.0,2015-02-27,,,,0.0,,,,,,,,,,,,,,,,,
57,57.0,2015-02-28,,,,0.0,,,,,,,,,,,,,,,,,
58,58.0,2015-03-01,,,,1.3,,,,,,,,,,,,,,,,,
59,59.0,2015-03-02,,,,7.6,,,,,,,,,,,,,,,,,
60,60.0,2015-03-03,,,,1.2,,,,,,,,,,,,,,,,,
61,61.0,2015-03-04,,,,3.3,,,,,,,,,,,,,,,,,
62,62.0,2015-03-05,,,,0.8,,,,,,,,,,,,,,,,,
63,63.0,2015-03-06,,,,0.0,,,,,,,,,,,,,,,,,
64,64.0,2015-03-07,,,,0.0,,,,,,,,,,,,,,,,,
65,65.0,2015-03-08,,,,0.0,,,,,,,,,,,,,,,,,
66,66.0,2015-03-09,,,,0.0,,,,,,,,,,,,,,,,,
67,67.0,2015-03-10,,,,1.5,,,,,,,,,,,,,,,,,
68,68.0,2015-03-11,,,,1.2,,,,,,,,,,,,,,,,,
69,69.0,2015-03-12,,,,0.0,,,,,,,,,,,,,,,,,
70,70.0,2015-03-13,,,,0.1,,,,,,,,,,,,,,,,,
71,71.0,2015-03-14,,,,0.5,,,,,,,,,,,,,,,,,
72,72.0,2015-03-15,,,,1.7,,,,,,,,,,,,,,,,,
73,73.0,2015-03-16,,,,0.0,,,,,,,,,,,,,,,,,
74,74.0,2015-03-17,,,,0.0,,,,,,,,,,,,,,,,,
75,75.0,2015-03-18,,,,0.0,,,,,,,,,,,,,,,,,
76,76.0,2015-03-19,,,,0.0,,,,,,,,,,,,,,,,,
77,77.0,2015-03-20,,,,0.0,,,,,,,,,,,,,,,,,
78,78.0,2015-03-21,,,,0.0,,,,,,,,,,,,,,,,,
79,79.0,2015-03-22,,,,0.2,,,,,,,,,,,,,,,,,
80,80.0,2015-03-23,,,,0.0,,,,,,,,,,,,,,,,,
81,81.0,2015-03-24,,,,0.0,,,,,,,,,,,,,,,,,
82,82.0,2015-03-25,,,,0.0,,,,,,,,,,,,,,,,,
83,83.0,2015-03-26,,,,0.0,,,,,,,,,,,,,,,,,
84,84.0,2015-03-27,,,,3.2,,,,,,,,,,,,,,,,,
85,85.0,2015-03-28,,,,0.3,,,,,,,,,,,,,,,,,
86,86.0,2015-03-30,,,,25.5,,,,,,,,,,,,,,,,,
87,87.0,2015-03-31,,,,19.8,,,,,,,,,,,,,,,,,
88,88.0,2015-04-01,,,,2.9,,,,,,,,,,,,,,,,,
89,89.0,2015-04-02,,,,19.2,,,,,,,,,,,,,,,,,
90,90.0,2015-04-03,,,,0.0,,,,,,,,,,,,,,,,,
91,91.0,2015-04-04,,,,0.0,,,,,,,,,,,,,,,,,
92,92.0,2015-04-05,,,,0.0,,,,,,,,,,,,,,,,,
93,93.0,2015-04-06,,,,0.0,,,,,,,,,,,,,,,,,
94,94.0,2015-04-07,,,,0.0,,,,,,,,,,,,,,,,,
95,95.0,2015-04-08,,,,0.0,,,,,,,,,,,,,,,,,
96,96.0,2015-04-09,,,,0.0,,,,,,,,,,,,,,,,,
97,97.0,2015-04-10,,,,0.0,,,,,,,,,,,,,,,,,
98,98.0,2015-04-11,,,,0.1,,,,,,,,,,,,,,,,,
99,99.0,2015-04-12,,,,0.7,,,,,,,,,,,,,,,,,
100,100.0,2015-04-13,,,,0.0,,,,,,,,,,,,,,,,,
101,101.0,2015-04-14,,,,0.0,,,,,,,,,,,,,,,,,
102,102.0,2015-04-15,,,,0.0,,,,,,,,,,,,,,,,,
103,103.0,2015-04-16,,,,0.0,,,,,,,,,,,,,,,,,
104,104.0,2015-04-17,,,,1.1,,,,,,,,,,,,,,,,,
105,105.0,2015-04-18,,,,0.0,,,,,,,,,,,,,,,,,
106,106.0,2015-04-19,,,,0.0,,,,,,,,,,,,,,,,,
107,107.0,2015-04-20,,,,0.0,,,,,,,,,,,,,,,,,
108,108.0,2015-04-21,,,,0.0,,,,,,,,,,,,,,,,,
109,109.0,2015-04-22,,,,0.1,,,,,,,,,,,,,,,,,
110,110.0,2015-04-23,,,,0.0,,,,,,,,,,,,,,,,,
111,111.0,2015-04-24,,,,0.0,,,,,,,,,,,,,,,,,
112,112.0,2015-04-25,,,,0.4,,,,,,,,,,,,,,,,,
113,113.0,2015-04-26,,,,0.8,,,,,,,,,,,,,,,,,
114,114.0,2015-04-27,,,,0.4,,,,,,,,,,,,,,,,,
115,115.0,2015-04-28,,,,10.2,,,,,,,,,,,,,,,,,
116,116.0,2015-05-05,,,,0.3,,,,,,,,,,,,,,,,,
117,117.0,2015-05-06,,,,0.0,,,,,,,,,,,,,,,,,
118,118.0,2015-05-07,,,,0.0,,,,,,,,,,,,,,,,,
119,119.0,2015-05-08,,,,0.0,,,,,,,,,,,,,,,,,
120,120.0,2015-05-09,,,,1.8,,,,,,,,,,,,,,,,,
121,121.0,2015-05-10,,,,0.3,,,,,,,,,,,,,,,,,
122,122.0,2015-05-11,,,,0.0,,,,,,,,,,,,,,,,,
123,123.0,2015-05-12,,,,3.4,,,,,,,,,,,,,,,,,
124,124.0,2015-05-13,,,,0.0,,,,,,,,,,,,,,,,,
125,125.0,2015-05-14,,,,0.0,,,,,,,,,,,,,,,,,
126,126.0,2015-05-15,,,,0.0,,,,,,,,,,,,,,,,,
127,127.0,2015-05-16,,,,0.6,,,,,,,,,,,,,,,,,
128,128.0,2015-05-17,,,,0.0,,,,,,,,,,,,,,,,,
129,129.0,2015-05-18,,,,0.0,,,,,,,,,,,,,,,,,
130,130.0,2015-05-19,,,,0.5,,,,,,,,,,,,,,,,,
131,131.0,2015-05-20,,,,1.6,,,,,,,,,,,,,,,,,
132,132.0,2015-05-21,,,,0.6,,,,,,,,,,,,,,,,,
133,133.0,2015-05-22,,,,0.0,,,,,,,,,,,,,,,,,
134,134.0,2015-05-23,,,,0.0,,,,,,,,,,,,,,,,,
135,135.0,2015-05-24,,,,2.1,,,,,,,,,,,,,,,,,
136,136.0,2015-05-25,,,,5.8,,,,,,,,,,,,,,,,,
137,137.0,2015-05-26,,,,0.5,,,,,,,,,,,,,,,,,
138,138.0,2015-05-27,,,,0.0,,,,,,,,,,,,,,,,,
139,139.0,2015-05-28,,,,0.5,,,,,,,,,,,,,,,,,
140,140.0,2015-05-29,,,,0.4,,,,,,,,,,,,,,,,,
141,141.0,2015-05-30,,,,1.1,,,,,,,,,,,,,,,,,
142,142.0,2015-05-31,,,,0.0,,,,,,,,,,,,,,,,,
143,143.0,2015-06-02,,,,0.0,,,,,,,,,,,,,,,,,
144,144.0,2015-06-03,,,,0.0,,,,,,,,,,,,,,,,,
145,145.0,2015-06-04,,,,0.0,,,,,,,,,,,,,,,,,
146,146.0,2015-06-05,,,,0.0,,,,,,,,,,,,,,,,,
147,147.0,2015-06-06,,,,0.0,,,,,,,,,,,,,,,,,
148,148.0,2015-06-07,,,,20.9,,,,,,,,,,,,,,,,,
149,149.0,2015-06-08,,,,6.4,,,,,,,,,,,,,,,,,
150,150.0,2015-06-09,,,,2.0,,,,,,,,,,,,,,,,,
151,151.0,2015-06-10,,,,0.0,,,,,,,,,,,,,,,,,
152,152.0,2015-06-11,,,,1.4,,,,,,,,,,,,,,,,,
153,153.0,2015-06-12,,,,0.9,,,,,,,,,,,,,,,,,
154,154.0,2015-06-13,,,,0.1,,,,,,,,,,,,,,,,,
155,155.0,2015-06-14,,,,0.0,,,,,,,,,,,,,,,,,
156,156.0,2015-06-15,,,,0.0,,,,,,,,,,,,,,,,,
157,157.0,2015-06-16,,,,0.0,,,,,,,,,,,,,,,,,
158,158.0,2015-06-17,,,,0.0,,,,,,,,,,,,,,,,,
159,159.0,2015-06-19,,,,0.3,,,,,,,,,,,,,,,,,
160,160.0,2015-06-20,,,,3.2,,,,,,,,,,,,,,,,,
161,161.0,2015-06-21,,,,0.0,,,,,,,,,,,,,,,,,
162,162.0,2015-06-22,,,,15.2,,,,,,,,,,,,,,,,,
163,163.0,2015-06-23,,,,13.1,,,,,,,,,,,,,,,,,
164,164.0,2015-06-24,,,,0.8,,,,,,,,,,,,,,,,,
165,165.0,2015-06-25,,,,0.0,,,,,,,,,,,,,,,,,
166,166.0,2015-06-30,,,,0.0,,,,,,,,,,,,,,,,,
167,167.0,2015-07-01,,,,0.0,,,,,,,,,,,,,,,,,
168,168.0,2015-07-02,,,,0.0,,,,,,,,,,,,,,,,,
169,169.0,2015-07-03,,,,0.0,,,,,,,,,,,,,,,,,
170,170.0,2015-07-04,,,,0.0,,,,,,,,,,,,,,,,,
171,171.0,2015-07-05,,,,0.3,,,,,,,,,,,,,,,,,
172,172.0,2015-07-06,,,,16.1,,,,,,,,,,,,,,,,,
173,173.0,2015-07-07,,,,1.4,,,,,,,,,,,,,,,,,
174,174.0,2015-07-08,,,,3.3,,,,,,,,,,,,,,,,,
175,175.0,2015-07-09,,,,4.3,,,,,,,,,,,,,,,,,
176,176.0,2015-07-10,,,,0.0,,,,,,,,,,,,,,,,,
177,177.0,2015-07-11,,,,0.0,,,,,,,,,,,,,,,,,
178,178.0,2015-07-12,,,,0.9,,,,,,,,,,,,,,,,,
179,179.0,2015-07-13,,,,2.8,,,,,,,,,,,,,,,,,
180,180.0,2015-07-14,,,,2.9,,,,,,,,,,,,,,,,,
181,181.0,2015-07-15,,,,0.0,,,,,,,,,,,,,,,,,
182,182.0,2015-07-16,,,,0.0,,,,,,,,,,,,,,,,,
183,183.0,2015-07-17,,,,0.0,,,,,,,,,,,,,,,,,
184,184.0,2015-07-18,,,,0.0,,,,,,,,,,,,,,,,,
185,185.0,2015-07-19,,,,6.1,,,,,,,,,,,,,,,,,
186,186.0,2015-07-20,,,,1.0,,,,,,,,,,,,,,,,,
187,187.0,2015-07-21,,,,0.0,,,,,,,,,,,,,,,,,
188,188.0,2015-07-22,,,,7.3,,,,,,,,,,,,,,,,,
189,189.0,2015-07-23,,,,1.2,,,,,,,,,,,,,,,,,
190,190.0,2015-07-24,,,,0.0,,,,,,,,,,,,,,,,,
191,191.0,2015-07-25,,,,0.1,,,,,,,,,,,,,,,,,
192,192.0,2015-07-26,,,,0.2,,,,,,,,,,,,,,,,,
193,193.0,2015-07-27,,,,5.1,,,,,,,,,,,,,,,,,
194,194.0,2015-07-28,,,,1.0,,,,,,,,,,,,,,,,,
195,195.0,2015-07-29,,,,0.0,,,,,,,,,,,,,,,,,
196,196.0,2015-07-30,,,,0.0,,,,,,,,,,,,,,,,,
197,197.0,2015-07-31,,,,0.0,,,,,,,,,,,,,,,,,
198,198.0,2015-08-01,,,,0.0,,,,,,,,,,,,,,,,,
199,199.0,2015-08-02,,,,0.0,,,,,,,,,,,,,,,,,
200,200.0,2015-08-03,,,,0.0,,,,,,,,,,,,,,,,,
201,201.0,2015-08-04,,,,0.0,,,,,,,,,,,,,,,,,
202,202.0,2015-08-05,,,,0.0,,,,,,,,,,,,,,,,,
203,203.0,2015-08-06,,,,0.0,,,,,,,,,,,,,,,,,
204,204.0,2015-08-07,,,,0.0,,,,,,,,,,,,,,,,,
205,205.0,2015-08-08,,,,0.0,,,,,,,,,,,,,,,,,
206,206.0,2015-08-09,,,,0.0,,,,,,,,,,,,,,,,,
207,207.0,2015-08-10,,,,0.0,,,,,,,,,,,,,,,,,
208,208.0,2015-08-11,,,,0.0,,,,,,,,,,,,,,,,,
209,209.0,2015-08-12,,,,0.0,,,,,,,,,,,,,,,,,
210,210.0,2015-08-13,,,,0.0,,,,,,,,,,,,,,,,,
211,211.0,2015-08-14,,,,0.0,,,,,,,,,,,,,,,,,
212,212.0,2015-08-15,,,,2.9,,,,,,,,,,,,,,,,,
213,213.0,2015-08-16,,,,19.2,,,,,,,,,,,,,,,,,
214,214.0,2015-08-17,,,,10.7,,,,,,,,,,,,,,,,,
215,215.0,2015-08-18,,,,0.1,,,,,,,,,,,,,,,,,
216,216.0,2015-08-19,,,,0.0,,,,,,,,,,,,,,,,,
217,217.0,2015-08-20,,,,0.1,,,,,,,,,,,,,,,,,
218,218.0,2015-08-21,,,,0.0,,,,,,,,,,,,,,,,,
219,219.0,2015-08-22,,,,0.0,,,,,,,,,,,,,,,,,
220,220.0,2015-08-23,,,,0.0,,,,,,,,,,,,,,,,,
221,221.0,2015-08-24,,,,4.6,,,,,,,,,,,,,,,,,
222,222.0,2015-08-25,,,,1.1,,,,,,,,,,,,,,,,,
223,223.0,2015-08-26,,,,0.0,,,,,,,,,,,,,,,,,
224,224.0,2015-08-27,,,,0.0,,,,,,,,,,,,,,,,,
225,225.0,2015-08-28,,,,6.0,,,,,,,,,,,,,,,,,
226,226.0,2015-08-29,,,,0.0,,,,,,,,,,,,,,,,,
227,227.0,2015-08-30,,,,0.0,,,,,,,,,,,,,,,,,
228,228.0,2015-08-31,,,,0.0,,,,,,,,,,,,,,,,,
229,229.0,2015-09-01,,,,1.9,,,,,,,,,,,,,,,,,
230,230.0,2015-09-02,,,,0.0,,,,,,,,,,,,,,,,,
231,231.0,2015-09-03,,,,6.6,,,,,,,,,,,,,,,,,
232,232.0,2015-09-04,,,,0.6,,,,,,,,,,,,,,,,,
233,233.0,2015-09-05,,,,2.0,,,,,,,,,,,,,,,,,
234,234.0,2015-09-06,,,,2.0,,,,,,,,,,,,,,,,,
235,235.0,2015-09-07,,,,8.2,,,,,,,,,,,,,,,,,
236,236.0,2015-09-08,,,,0.0,,,,,,,,,,,,,,,,,
237,237.0,2015-09-09,,,,0.0,,,,,,,,,,,,,,,,,
238,238.0,2015-09-10,,,,0.0,,,,,,,,,,,,,,,,,
239,239.0,2015-09-11,,,,0.0,,,,,,,,,,,,,,,,,
240,240.0,2015-09-12,,,,0.0,,,,,,,,,,,,,,,,,
241,241.0,2015-09-13,,,,0.0,,,,,,,,,,,,,,,,,
242,242.0,2015-09-14,,,,9.4,,,,,,,,,,,,,,,,,
243,243.0,2015-09-15,,,,0.5,,,,,,,,,,,,,,,,,
244,244.0,2015-09-16,,,,0.2,,,,,,,,,,,,,,,,,
245,245.0,2015-09-17,,,,1.6,,,,,,,,,,,,,,,,,
246,246.0,2015-09-18,,,,0.0,,,,,,,,,,,,,,,,,
247,247.0,2015-09-19,,,,0.0,,,,,,,,,,,,,,,,,
248,248.0,2015-09-20,,,,1.1,,,,,,,,,,,,,,,,,
249,249.0,2015-09-21,,,,0.8,,,,,,,,,,,,,,,,,
250,250.0,2015-09-22,,,,6.8,,,,,,,,,,,,,,,,,
251,251.0,2015-09-23,,,,0.9,,,,,,,,,,,,,,,,,
252,252.0,2015-09-24,,,,0.0,,,,,,,,,,,,,,,,,
253,253.0,2015-09-25,,,,0.0,,,,,,,,,,,,,,,,,
254,254.0,2015-09-26,,,,0.0,,,,,,,,,,,,,,,,,
255,255.0,2015-09-27,,,,0.0,,,,,,,,,,,,,,,,,
256,256.0,2015-09-28,,,,0.0,,,,,,,,,,,,,,,,,
257,257.0,2015-09-29,,,,0.0,,,,,,,,,,,,,,,,,
258,258.0,2015-09-30,,,,0.0,,,,,,,,,,,,,,,,,
259,259.0,2015-10-01,,,,0.0,,,,,,,,,,,,,,,,,
260,260.0,2015-10-02,,,,0.0,,,,,,,,,,,,,,,,,
261,261.0,2015-10-03,,,,0.0,,,,,,,,,,,,,,,,,
262,262.0,2015-10-04,,,,0.1,,,,,,,,,,,,,,,,,
263,263.0,2015-10-05,,,,0.0,,,,,,,,,,,,,,,,,
264,264.0,2015-10-06,,,,3.2,,,,,,,,,,,,,,,,,
265,265.0,2015-10-07,,,,5.5,,,,,,,,,,,,,,,,,
266,266.0,2015-10-08,,,,1.5,,,,,,,,,,,,,,,,,
267,267.0,2015-10-09,,,,5.5,,,,,,,,,,,,,,,,,
268,268.0,2015-10-10,,,,0.0,,,,,,,,,,,,,,,,,
269,269.0,2015-10-11,,,,0.0,,,,,,,,,,,,,,,,,
270,270.0,2015-10-12,,,,0.0,,,,,,,,,,,,,,,,,
271,271.0,2015-10-13,,,,0.0,,,,,,,,,,,,,,,,,
272,272.0,2015-10-14,,,,4.2,,,,,,,,,,,,,,,,,
273,273.0,2015-10-15,,,,7.1,,,,,,,,,,,,,,,,,
274,274.0,2015-10-16,,,,1.7,,,,,,,,,,,,,,,,,
275,275.0,2015-10-17,,,,1.9,,,,,,,,,,,,,,,,,
276,276.0,2015-10-18,,,,7.4,,,,,,,,,,,,,,,,,
277,277.0,2015-10-19,,,,0.4,,,,,,,,,,,,,,,,,
278,278.0,2015-10-20,,,,2.5,,,,,,,,,,,,,,,,,
279,279.0,2015-10-21,,,,0.3,,,,,,,,,,,,,,,,,
280,280.0,2015-10-22,,,,1.2,,,,,,,,,,,,,,,,,
281,281.0,2015-10-23,,,,0.7,,,,,,,,,,,,,,,,,
282,282.0,2015-10-24,,,,0.0,,,,,,,,,,,,,,,,,
283,283.0,2015-10-25,,,,0.0,,,,,,,,,,,,,,,,,
284,284.0,2015-10-26,,,,0.0,,,,,,,,,,,,,,,,,
285,285.0,2015-10-27,,,,0.0,,,,,,,,,,,,,,,,,
286,286.0,2015-10-28,,,,0.0,,,,,,,,,,,,,,,,,
287,287.0,2015-10-29,,,,0.0,,,,,,,,,,,,,,,,,
288,288.0,2015-10-30,,,,0.0,,,,,,,,,,,,,,,,,
289,289.0,2015-10-31,,,,0.0,,,,,,,,,,,,,,,,,
290,290.0,2015-11-01,,,,0.0,,,,,,,,,,,,,,,,,
291,291.0,2015-11-02,,,,0.0,,,,,,,,,,,,,,,,,
292,292.0,2015-11-03,,,,0.0,,,,,,,,,,,,,,,,,
293,293.0,2015-11-04,,,,0.0,,,,,,,,,,,,,,,,,
294,294.0,2015-11-05,,,,0.0,,,,,,,,,,,,,,,,,
295,295.0,2015-11-06,,,,0.0,,,,,,,,,,,,,,,,,
296,296.0,2015-11-07,,,,5.2,,,,,,,,,,,,,,,,,
297,297.0,2015-11-08,,,,0.0,,,,,,,,,,,,,,,,,
298,298.0,2015-11-09,,,,1.9,,,,,,,,,,,,,,,,,
299,299.0,2015-11-10,,,,0.0,,,,,,,,,,,,,,,,,
300,300.0,2015-11-11,,,,0.2,,,,,,,,,,,,,,,,,
301,301.0,2015-11-12,,,,0.0,,,,,,,,,,,,,,,,,
302,302.0,2015-11-13,,,,0.1,,,,,,,,,,,,,,,,,
303,303.0,2015-11-14,,,,2.9,,,,,,,,,,,,,,,,,
304,304.0,2015-11-15,,,,9.2,,,,,,,,,,,,,,,,,
305,305.0,2015-11-16,,,,0.1,,,,,,,,,,,,,,,,,
306,306.0,2015-11-17,,,,17.7,,,,,,,,,,,,,,,,,
307,307.0,2015-11-18,,,,3.9,,,,,,,,,,,,,,,,,
308,308.0,2015-11-19,,,,23.7,,,,,,,,,,,,,,,,,
309,309.0,2015-11-20,,,,11.8,,,,,,,,,,,,,,,,,
310,310.0,2015-11-21,,,,0.9,,,,,,,,,,,,,,,,,
311,311.0,2015-11-22,,,,1.1,,,,,,,,,,,,,,,,,
312,312.0,2015-11-23,,,,4.0,,,,,,,,,,,,,,,,,
313,313.0,2015-11-24,,,,0.0,,,,,,,,,,,,,,,,,
314,314.0,2015-11-25,,,,0.8,,,,,,,,,,,,,,,,,
315,315.0,2015-11-26,,,,0.5,,,,,,,,,,,,,,,,,
316,316.0,2015-11-27,,,,0.0,,,,,,,,,,,,,,,,,
317,317.0,2015-11-28,,,,2.2,,,,,,,,,,,,,,,,,
318,318.0,2015-11-29,,,,28.4,,,,,,,,,,,,,,,,,
319,319.0,2015-11-30,,,,37.2,,,,,,,,,,,,,,,,,
320,320.0,2015-12-01,,,,18.8,,,,,,,,,,,,,,,,,
321,321.0,2015-12-02,,,,1.7,,,,,,,,,,,,,,,,,
322,322.0,2015-12-03,,,,0.0,,,,,,,,,,,,,,,,,
323,323.0,2015-12-04,,,,0.7,,,,,,,,,,,,,,,,,
324,324.0,2015-12-05,,,,0.0,,,,,,,,,,,,,,,,,
325,325.0,2015-12-06,,,,0.0,,,,,,,,,,,,,,,,,
326,326.0,2015-12-07,,,,0.0,,,,,,,,,,,,,,,,,
327,327.0,2015-12-08,,,,0.0,,,,,,,,,,,,,,,,,
328,328.0,2015-12-09,,,,3.4,,,,,,,,,,,,,,,,,
329,329.0,2015-12-10,,,,0.0,,,,,,,,,,,,,,,,,
330,330.0,2015-12-11,,,,2.9,,,,,,,,,,,,,,,,,
331,331.0,2015-12-12,,,,7.3,,,,,,,,,,,,,,,,,
332,332.0,2015-12-13,,,,3.2,,,,,,,,,,,,,,,,,
333,333.0,2015-12-14,,,,0.1,,,,,,,,,,,,,,,,,
334,334.0,2015-12-15,,,,0.0,,,,,,,,,,,,,,,,,
335,335.0,2015-12-16,,,,0.9,,,,,,,,,,,,,,,,,
336,336.0,2015-12-17,,,,2.7,,,,,,,,,,,,,,,,,
337,337.0,2015-12-18,,,,2.4,,,,,,,,,,,,,,,,,
338,338.0,2015-12-19,,,,0.0,,,,,,,,,,,,,,,,,
339,339.0,2015-12-20,,,,0.0,,,,,,,,,,,,,,,,,
340,340.0,2015-12-21,,,,6.6,,,,,,,,,,,,,,,,,
341,341.0,2015-12-22,,,,2.3,,,,,,,,,,,,,,,,,
342,342.0,2015-12-23,,,,0.6,,,,,,,,,,,,,,,,,
343,343.0,2015-12-24,,,,0.0,,,,,,,,,,,,,,,,,
344,344.0,2015-12-25,,,,1.6,,,,,,,,,,,,,,,,,
345,345.0,2015-12-26,,,,0.0,,,,,,,,,,,,,,,,,
346,346.0,2015-12-27,,,,0.0,,,,,,,,,,,,,,,,,
347,347.0,2015-12-28,,,,0.0,,,,,,,,,,,,,,,,,
348,348.0,2015-12-29,,,,0.0,,,,,,,,,,,,,,,,,
349,349.0,2015-12-30,,,,0.0,,,,,,,,,,,,,,,,,
350,350.0,2015-12-31,,,,5.6,,,,,,,,,,,,,,,,,
351,351.0,2016-01-01,,,,0.0,,,,,,,,,,,,,,,,,
352,352.0,2016-01-02,,,,0.7,,,,,,,,,,,,,,,,,
353,353.0,2016-01-03,,,,1.1,,,,,,,,,,,,,,,,,
354,354.0,2016-01-04,,,,2.0,,,,,,,,,,,,,,,,,
355,355.0,2016-01-05,,,,2.4,,,,,,,,,,,,,,,,,
356,356.0,2016-01-06,,,,0.2,,,,,,,,,,,,,,,,,
357,357.0,2016-01-07,,,,1.9,,,,,,,,,,,,,,,,,
358,358.0,2016-01-08,,,,4.0,,,,,,,,,,,,,,,,,
359,359.0,2016-01-09,,,,0.0,,,,,,,,,,,,,,,,,
360,360.0,2016-01-10,,,,2.6,,,,,,,,,,,,,,,,,
361,361.0,2016-01-11,,,,6.7,,,,,,,,,,,,,,,,,
362,362.0,2016-01-12,,,,13.5,,,,,,,,,,,,,,,,,
363,363.0,2016-01-13,,,,8.7,,,,,,,,,,,,,,,,,
364,364.0,2016-01-14,,,,2.4,,,,,,,,,,,,,,,,,
365,365.0,2016-01-15,,,,6.3,,,,,,,,,,,,,,,,,
366,366.0,2016-01-16,,,,2.5,,,,,,,,,,,,,,,,,
367,367.0,2016-01-17,,,,1.5,,,,,,,,,,,,,,,,,
368,368.0,2016-01-18,,,,0.1,,,,,,,,,,,,,,,,,
369,369.0,2016-01-19,,,,0.0,,,,,,,,,,,,,,,,,
370,370.0,2016-01-20,,,,1.2,,,,,,,,,,,,,,,,,
371,371.0,2016-01-21,,,,0.0,,,,,,,,,,,,,,,,,
372,372.0,2016-01-22,,,,0.0,,,,,,,,,,,,,,,,,
373,373.0,2016-01-23,,,,3.7,,,,,,,,,,,,,,,,,
374,374.0,2016-01-24,,,,0.2,,,,,,,,,,,,,,,,,
375,375.0,2016-01-25,,,,2.2,,,,,,,,,,,,,,,,,
376,376.0,2016-01-26,,,,0.0,,,,,,,,,,,,,,,,,
377,377.0,2016-01-27,,,,0.0,,,,,,,,,,,,,,,,,
378,378.0,2016-01-28,,,,3.7,,,,,,,,,,,,,,,,,
379,379.0,2016-01-29,,,,0.0,,,,,,,,,,,,,,,,,
380,380.0,2016-01-30,,,,9.9,,,,,,,,,,,,,,,,,
381,381.0,2016-01-31,,,,7.0,,,,,,,,,,,,,,,,,
382,382.0,2016-02-01,,,,4.8,,,,,,,,,,,,,,,,,
383,383.0,2016-02-02,,,,5.4,,,,,,,,,,,,,,,,,
384,384.0,2016-02-03,,,,1.9,,,,,,,,,,,,,,,,,
385,385.0,2016-02-04,,,,8.7,,,,,,,,,,,,,,,,,
386,386.0,2016-02-05,,,,1.4,,,,,,,,,,,,,,,,,
387,387.0,2016-02-06,,,,0.0,,,,,,,,,,,,,,,,,
388,388.0,2016-02-07,,,,0.0,,,,,,,,,,,,,,,,,
389,389.0,2016-02-08,,,,12.7,,,,,,,,,,,,,,,,,
390,390.0,2016-02-09,,,,17.2,,,,,,,,,,,,,,,,,
391,391.0,2016-02-10,,,,5.2,,,,,,,,,,,,,,,,,
392,392.0,2016-02-11,,,,4.3,,,,,,,,,,,,,,,,,
393,393.0,2016-02-12,,,,0.2,,,,,,,,,,,,,,,,,
394,394.0,2016-02-13,,,,1.8,,,,,,,,,,,,,,,,,
395,395.0,2016-02-14,,,,10.1,,,,,,,,,,,,,,,,,
396,396.0,2016-02-15,,,,0.5,,,,,,,,,,,,,,,,,
397,397.0,2016-02-16,,,,0.0,,,,,,,,,,,,,,,,,
398,398.0,2016-02-17,,,,2.7,,,,,,,,,,,,,,,,,
399,399.0,2016-02-18,,,,0.0,,,,,,,,,,,,,,,,,
400,400.0,2016-02-19,,,,0.0,,,,,,,,,,,,,,,,,
401,401.0,2016-02-20,,,,15.4,,,,,,,,,,,,,,,,,
402,402.0,2016-02-21,,,,25.8,,,,,,,,,,,,,,,,,
403,403.0,2016-02-22,,,,4.7,,,,,,,,,,,,,,,,,
404,404.0,2016-02-23,,,,13.2,,,,,,,,,,,,,,,,,
405,405.0,2016-02-24,,,,1.7,,,,,,,,,,,,,,,,,
406,406.0,2016-02-25,,,,0.1,,,,,,,,,,,,,,,,,
407,407.0,2016-02-26,,,,0.0,,,,,,,,,,,,,,,,,
408,408.0,2016-02-27,,,,0.0,,,,,,,,,,,,,,,,,
409,409.0,2016-02-28,,,,0.0,,,,,,,,,,,,,,,,,
410,410.0,2016-02-29,,,,2.6,,,,,,,,,,,,,,,,,
411,411.0,2016-03-01,,,,0.6,,,,,,,,,,,,,,,,,
412,412.0,2016-03-02,,,,7.8,,,,,,,,,,,,,,,,,
413,413.0,2016-03-03,,,,0.0,,,,,,,,,,,,,,,,,
414,414.0,2016-03-04,,,,0.0,,,,,,,,,,,,,,,,,
415,415.0,2016-03-05,,,,3.1,,,,,,,,,,,,,,,,,
416,416.0,2016-03-06,,,,3.8,,,,,,,,,,,,,,,,,
417,417.0,2016-03-07,,,,4.0,,,,,,,,,,,,,,,,,
418,418.0,2016-03-08,,,,0.0,,,,,,,,,,,,,,,,,
419,419.0,2016-03-09,,,,0.0,,,,,,,,,,,,,,,,,
420,420.0,2016-03-10,,,,0.0,,,,,,,,,,,,,,,,,
421,421.0,2016-03-11,,,,0.1,,,,,,,,,,,,,,,,,
422,422.0,2016-03-12,,,,0.0,,,,,,,,,,,,,,,,,
423,423.0,2016-03-13,,,,0.0,,,,,,,,,,,,,,,,,
424,424.0,2016-03-14,,,,0.0,,,,,,,,,,,,,,,,,
425,425.0,2016-03-15,,,,2.3,,,,,,,,,,,,,,,,,
426,426.0,2016-03-16,,,,0.0,,,,,,,,,,,,,,,,,
427,427.0,2016-03-17,,,,0.0,,,,,,,,,,,,,,,,,
428,428.0,2016-03-18,,,,0.0,,,,,,,,,,,,,,,,,
429,429.0,2016-03-19,,,,0.0,,,,,,,,,,,,,,,,,
430,430.0,2016-03-20,,,,0.0,,,,,,,,,,,,,,,,,
431,431.0,2016-03-21,,,,0.2,,,,,,,,,,,,,,,,,
432,432.0,2016-03-22,,,,0.7,,,,,,,,,,,,,,,,,
433,433.0,2016-03-23,,,,1.2,,,,,,,,,,,,,,,,,
434,434.0,2016-03-24,,,,0.0,,,,,,,,,,,,,,,,,
435,435.0,2016-03-25,,,,7.3,,,,,,,,,,,,,,,,,
436,436.0,2016-03-26,,,,0.2,,,,,,,,,,,,,,,,,
437,437.0,2016-03-28,,,,6.0,,,,,,,,,,,,,,,,,
438,438.0,2016-03-29,,,,2.4,,,,,,,,,,,,,,,,,
439,439.0,2016-03-30,,,,3.8,,,,,,,,,,,,,,,,,
440,440.0,2016-03-31,,,,6.2,,,,,,,,,,,,,,,,,
441,441.0,2016-04-01,,,,13.0,,,,,,,,,,,,,,,,,
442,442.0,2016-04-02,,,,0.0,,,,,,,,,,,,,,,,,
443,443.0,2016-04-03,,,,0.0,,,,,,,,,,,,,,,,,
444,444.0,2016-04-04,,,,0.0,,,,,,,,,,,,,,,,,
445,445.0,2016-04-05,,,,2.1,,,,,,,,,,,,,,,,,
446,446.0,2016-04-06,,,,2.0,,,,,,,,,,,,,,,,,
447,447.0,2016-04-07,,,,0.8,,,,,,,,,,,,,,,,,
448,448.0,2016-04-08,,,,0.0,,,,,,,,,,,,,,,,,
449,449.0,2016-04-09,,,,0.0,,,,,,,,,,,,,,,,,
450,450.0,2016-04-10,,,,0.0,,,,,,,,,,,,,,,,,
451,451.0,2016-04-11,,,,0.0,,,,,,,,,,,,,,,,,
452,452.0,2016-04-12,,,,0.0,,,,,,,,,,,,,,,,,
453,453.0,2016-04-13,,,,1.8,,,,,,,,,,,,,,,,,
454,454.0,2016-04-14,,,,3.2,,,,,,,,,,,,,,,,,
455,455.0,2016-04-15,,,,1.6,,,,,,,,,,,,,,,,,
456,456.0,2016-04-16,,,,9.0,,,,,,,,,,,,,,,,,
457,457.0,2016-04-17,,,,13.3,,,,,,,,,,,,,,,,,
458,458.0,2016-04-18,,,,0.0,,,,,,,,,,,,,,,,,
459,459.0,2016-04-19,,,,0.0,,,,,,,,,,,,,,,,,
460,460.0,2016-04-20,,,,0.0,,,,,,,,,,,,,,,,,
461,461.0,2016-04-21,,,,0.0,,,,,,,,,,,,,,,,,
462,462.0,2016-04-22,,,,0.0,,,,,,,,,,,,,,,,,
463,463.0,2016-04-23,,,,3.6,,,,,,,,,,,,,,,,,
464,464.0,2016-04-24,,,,1.1,,,,,,,,,,,,,,,,,
465,465.0,2016-04-25,,,,1.0,,,,,,,,,,,,,,,,,
466,466.0,2016-04-26,,,,17.3,,,,,,,,,,,,,,,,,
467,467.0,2016-04-27,,,,2.5,,,,,,,,,,,,,,,,,
468,468.0,2016-04-28,,,,0.4,,,,,,,,,,,,,,,,,
469,469.0,2016-04-29,,,,0.0,,,,,,,,,,,,,,,,,
470,470.0,2016-04-30,,,,0.1,,,,,,,,,,,,,,,,,
471,471.0,2016-05-01,,,,0.0,,,,,,,,,,,,,,,,,
472,472.0,2016-05-02,,,,0.0,,,,,,,,,,,,,,,,,
473,473.0,2016-05-03,,,,2.1,,,,,,,,,,,,,,,,,
474,474.0,2016-05-04,,,,0.0,,,,,,,,,,,,,,,,,
475,475.0,2016-05-05,,,,0.0,,,,,,,,,,,,,,,,,
476,476.0,2016-05-06,,,,0.0,,,,,,,,,,,,,,,,,
477,477.0,2016-05-07,,,,0.0,,,,,,,,,,,,,,,,,
478,478.0,2016-05-08,,,,0.0,,,,,,,,,,,,,,,,,
479,479.0,2016-05-09,,,,0.0,,,,,,,,,,,,,,,,,
480,480.0,2016-05-10,,,,0.0,,,,,,,,,,,,,,,,,
481,481.0,2016-05-11,,,,0.0,,,,,,,,,,,,,,,,,
482,482.0,2016-05-12,,,,0.2,,,,,,,,,,,,,,,,,
483,483.0,2016-05-13,,,,3.6,,,,,,,,,,,,,,,,,
484,484.0,2016-05-14,,,,0.1,,,,,,,,,,,,,,,,,
485,485.0,2016-05-15,,,,3.0,,,,,,,,,,,,,,,,,
486,486.0,2016-05-16,,,,0.1,,,,,,,,,,,,,,,,,
487,487.0,2016-05-17,,,,0.0,,,,,,,,,,,,,,,,,
488,488.0,2016-05-18,,,,0.0,,,,,,,,,,,,,,,,,
489,489.0,2016-05-19,,,,1.6,,,,,,,,,,,,,,,,,
490,490.0,2016-05-20,,,,0.0,,,,,,,,,,,,,,,,,
491,491.0,2016-05-21,,,,0.0,,,,,,,,,,,,,,,,,
492,492.0,2016-05-22,,,,0.0,,,,,,,,,,,,,,,,,
493,493.0,2016-05-23,,,,10.8,,,,,,,,,,,,,,,,,
494,494.0,2016-05-24,,,,6.3,,,,,,,,,,,,,,,,,
495,495.0,2016-05-25,,,,0.0,,,,,,,,,,,,,,,,,
496,496.0,2016-05-26,,,,0.0,,,,,,,,,,,,,,,,,
497,497.0,2016-05-27,,,,0.4,,,,,,,,,,,,,,,,,
498,498.0,2016-05-28,,,,6.3,,,,,,,,,,,,,,,,,
499,499.0,2016-05-29,,,,0.0,,,,,,,,,,,,,,,,,
500,500.0,2016-05-30,,,,6.6,,,,,,,,,,,,,,,,,
501,501.0,2016-05-31,,,,0.0,,,,,,,,,,,,,,,,,
502,502.0,2016-06-01,,,,18.2,,,,,,,,,,,,,,,,,
503,503.0,2016-06-02,,,,12.7,,,,,,,,,,,,,,,,,
504,504.0,2016-06-08,,,,38.0,,,,,,,,,,,,,,,,,
505,505.0,2016-06-09,,,,0.0,,,,,,,,,,,,,,,,,
506,506.0,2016-06-10,,,,0.0,,,,,,,,,,,,,,,,,
507,507.0,2016-06-11,,,,0.2,,,,,,,,,,,,,,,,,
508,508.0,2016-06-12,,,,10.3,,,,,,,,,,,,,,,,,
509,509.0,2016-06-13,,,,2.2,,,,,,,,,,,,,,,,,
510,510.0,2016-06-14,,,,10.2,,,,,,,,,,,,,,,,,
511,511.0,2016-06-15,,,,3.4,,,,,,,,,,,,,,,,,
512,512.0,2016-06-16,,,,3.4,,,,,,,,,,,,,,,,,
513,513.0,2016-06-17,,,,27.9,,,,,,,,,,,,,,,,,
514,514.0,2016-06-18,,,,0.5,,,,,,,,,,,,,,,,,
515,515.0,2016-06-19,,,,0.0,,,,,,,,,,,,,,,,,
516,516.0,2016-06-20,,,,0.0,,,,,,,,,,,,,,,,,
517,517.0,2016-06-21,,,,1.0,,,,,,,,,,,,,,,,,
518,518.0,2016-06-22,,,,0.1,,,,,,,,,,,,,,,,,
519,519.0,2016-06-23,,,,0.0,,,,,,,,,,,,,,,,,
520,520.0,2016-06-24,,,,0.0,,,,,,,,,,,,,,,,,
521,521.0,2016-06-25,,,,0.5,,,,,,,,,,,,,,,,,
522,522.0,2016-06-26,,,,0.0,,,,,,,,,,,,,,,,,
523,523.0,2016-06-27,,,,0.0,,,,,,,,,,,,,,,,,
524,524.0,2016-06-28,,,,0.6,,,,,,,,,,,,,,,,,
525,525.0,2016-06-29,,,,7.8,,,,,,,,,,,,,,,,,
526,526.0,2016-06-30,,,,0.0,,,,,,,,,,,,,,,,,
527,527.0,2016-07-01,,,,0.0,,,,,,,,,,,,,,,,,
528,528.0,2016-07-02,,,,7.7,,,,,,,,,,,,,,,,,
529,529.0,2016-07-03,,,,2.6,,,,,,,,,,,,,,,,,
530,530.0,2016-07-04,,,,0.0,,,,,,,,,,,,,,,,,
531,531.0,2016-07-05,,,,0.0,,,,,,,,,,,,,,,,,
532,532.0,2016-07-06,,,,0.0,,,,,,,,,,,,,,,,,
533,533.0,2016-07-07,,,,0.0,,,,,,,,,,,,,,,,,
534,534.0,2016-07-08,,,,0.0,,,,,,,,,,,,,,,,,
535,535.0,2016-07-09,,,,0.0,,,,,,,,,,,,,,,,,
536,536.0,2016-07-10,,,,0.0,,,,,,,,,,,,,,,,,
537,537.0,2016-07-11,,,,0.0,,,,,,,,,,,,,,,,,
538,538.0,2016-07-12,,,,0.0,,,,,,,,,,,,,,,,,
539,539.0,2016-07-13,,,,10.1,,,,,,,,,,,,,,,,,
540,540.0,2016-07-14,,,,29.7,,,,,,,,,,,,,,,,,
541,541.0,2016-07-15,,,,2.1,,,,,,,,,,,,,,,,,
542,542.0,2016-07-16,,,,0.0,,,,,,,,,,,,,,,,,
543,543.0,2016-07-17,,,,1.4,,,,,,,,,,,,,,,,,
544,544.0,2016-07-18,,,,0.0,,,,,,,,,,,,,,,,,
545,545.0,2016-07-19,,,,0.0,,,,,,,,,,,,,,,,,
546,546.0,2016-07-20,,,,0.0,,,,,,,,,,,,,,,,,
547,547.0,2016-07-21,,,,18.3,,,,,,,,,,,,,,,,,
548,548.0,2016-07-22,,,,0.0,,,,,,,,,,,,,,,,,
549,549.0,2016-07-23,,,,35.2,,,,,,,,,,,,,,,,,
550,550.0,2016-07-24,,,,0.1,,,,,,,,,,,,,,,,,
551,551.0,2016-07-25,,,,0.0,,,,,,,,,,,,,,,,,
552,552.0,2016-07-26,,,,1.3,,,,,,,,,,,,,,,,,
553,553.0,2016-07-27,,,,6.7,,,,,,,,,,,,,,,,,
554,554.0,2016-07-28,,,,0.0,,,,,,,,,,,,,,,,,
555,555.0,2016-07-29,,,,3.5,,,,,,,,,,,,,,,,,
556,556.0,2016-07-30,,,,0.3,,,,,,,,,,,,,,,,,
557,557.0,2016-07-31,,,,2.4,,,,,,,,,,,,,,,,,
558,558.0,2016-08-01,,,,0.0,,,,,,,,,,,,,,,,,
559,559.0,2016-08-02,,,,5.3,,,,,,,,,,,,,,,,,
560,560.0,2016-08-03,,,,6.6,,,,,,,,,,,,,,,,,
561,561.0,2016-08-04,,,,0.7,,,,,,,,,,,,,,,,,
562,562.0,2016-08-05,,,,16.8,,,,,,,,,,,,,,,,,
563,563.0,2016-08-06,,,,0.0,,,,,,,,,,,,,,,,,
564,564.0,2016-08-07,,,,0.0,,,,,,,,,,,,,,,,,
565,565.0,2016-08-08,,,,0.0,,,,,,,,,,,,,,,,,
566,566.0,2016-08-09,,,,1.1,,,,,,,,,,,,,,,,,
567,567.0,2016-08-10,,,,2.2,,,,,,,,,,,,,,,,,
568,568.0,2016-08-11,,,,0.0,,,,,,,,,,,,,,,,,
569,569.0,2016-08-12,,,,4.0,,,,,,,,,,,,,,,,,
570,570.0,2016-08-13,,,,0.1,,,,,,,,,,,,,,,,,
571,571.0,2016-08-14,,,,0.0,,,,,,,,,,,,,,,,,
572,572.0,2016-08-15,,,,0.0,,,,,,,,,,,,,,,,,
573,573.0,2016-08-16,,,,0.0,,,,,,,,,,,,,,,,,
574,574.0,2016-08-17,,,,0.0,,,,,,,,,,,,,,,,,
575,575.0,2016-08-18,,,,0.0,,,,,,,,,,,,,,,,,
576,576.0,2016-08-19,,,,0.0,,,,,,,,,,,,,,,,,
577,577.0,2016-08-20,,,,0.1,,,,,,,,,,,,,,,,,
578,578.0,2016-08-21,,,,6.2,,,,,,,,,,,,,,,,,
579,579.0,2016-08-22,,,,0.0,,,,,,,,,,,,,,,,,
580,580.0,2016-08-23,,,,0.0,,,,,,,,,,,,,,,,,
581,581.0,2016-08-24,,,,0.0,,,,,,,,,,,,,,,,,
582,582.0,2016-08-25,,,,0.0,,,,,,,,,,,,,,,,,
583,583.0,2016-08-26,,,,0.0,,,,,,,,,,,,,,,,,
584,584.0,2016-08-27,,,,0.0,,,,,,,,,,,,,,,,,
585,585.0,2016-08-28,,,,2.5,,,,,,,,,,,,,,,,,
586,586.0,2016-08-29,,,,0.0,,,,,,,,,,,,,,,,,
587,587.0,2016-08-30,,,,0.0,,,,,,,,,,,,,,,,,
588,588.0,2016-08-31,,,,0.0,,,,,,,,,,,,,,,,,
589,589.0,2016-09-01,,,,0.0,,,,,,,,,,,,,,,,,
590,590.0,2016-09-02,,,,0.0,,,,,,,,,,,,,,,,,
591,591.0,2016-09-03,,,,0.0,,,,,,,,,,,,,,,,,
592,592.0,2016-09-04,,,,3.3,,,,,,,,,,,,,,,,,
593,593.0,2016-09-05,,,,3.0,,,,,,,,,,,,,,,,,
594,594.0,2016-09-06,,,,0.5,,,,,,,,,,,,,,,,,
595,595.0,2016-09-07,,,,0.0,,,,,,,,,,,,,,,,,
596,596.0,2016-09-08,,,,0.0,,,,,,,,,,,,,,,,,
597,597.0,2016-09-09,,,,0.0,,,,,,,,,,,,,,,,,
598,598.0,2016-09-10,,,,0.0,,,,,,,,,,,,,,,,,
599,599.0,2016-09-11,,,,0.0,,,,,,,,,,,,,,,,,
600,600.0,2016-09-12,,,,0.0,,,,,,,,,,,,,,,,,
601,601.0,2016-09-13,,,,0.0,,,,,,,,,,,,,,,,,
602,602.0,2016-09-14,,,,0.0,,,,,,,,,,,,,,,,,
603,603.0,2016-09-15,,,,0.0,,,,,,,,,,,,,,,,,
604,604.0,2016-09-16,,,,7.8,,,,,,,,,,,,,,,,,
605,605.0,2016-09-17,,,,28.0,,,,,,,,,,,,,,,,,
606,606.0,2016-09-18,,,,22.2,,,,,,,,,,,,,,,,,
607,607.0,2016-09-19,,,,1.4,,,,,,,,,,,,,,,,,
608,608.0,2016-09-20,,,,0.0,,,,,,,,,,,,,,,,,
609,609.0,2016-09-21,,,,0.0,,,,,,,,,,,,,,,,,
610,610.0,2016-09-22,,,,0.0,,,,,,,,,,,,,,,,,
611,611.0,2016-09-23,,,,0.0,,,,,,,,,,,,,,,,,
612,612.0,2016-09-24,,,,0.0,,,,,,,,,,,,,,,,,
613,613.0,2016-09-25,,,,0.0,,,,,,,,,,,,,,,,,
614,614.0,2016-09-26,,,,0.0,,,,,,,,,,,,,,,,,
615,615.0,2016-09-27,,,,0.0,,,,,,,,,,,,,,,,,
616,616.0,2016-09-28,,,,0.0,,,,,,,,,,,,,,,,,
617,617.0,2016-09-29,,,,0.0,,,,,,,,,,,,,,,,,
618,618.0,2016-09-30,,,,0.0,,,,,,,,,,,,,,,,,
619,619.0,2016-10-01,,,,0.2,,,,,,,,,,,,,,,,,
620,620.0,2016-10-02,,,,0.2,,,,,,,,,,,,,,,,,
621,621.0,2016-10-03,,,,1.5,,,,,,,,,,,,,,,,,
622,622.0,2016-10-04,,,,1.9,,,,,,,,,,,,,,,,,
623,623.0,2016-10-05,,,,5.4,,,,,,,,,,,,,,,,,
624,624.0,2016-10-06,,,,7.7,,,,,,,,,,,,,,,,,
625,625.0,2016-10-07,,,,1.9,,,,,,,,,,,,,,,,,
626,626.0,2016-10-08,,,,1.3,,,,,,,,,,,,,,,,,
627,627.0,2016-10-09,,,,0.6,,,,,,,,,,,,,,,,,
628,628.0,2016-10-10,,,,0.0,,,,,,,,,,,,,,,,,
629,629.0,2016-10-11,,,,2.8,,,,,,,,,,,,,,,,,
630,630.0,2016-10-12,,,,0.9,,,,,,,,,,,,,,,,,
631,631.0,2016-10-13,,,,0.0,,,,,,,,,,,,,,,,,
632,632.0,2016-10-14,,,,0.0,,,,,,,,,,,,,,,,,
633,633.0,2016-10-15,,,,0.0,,,,,,,,,,,,,,,,,
634,634.0,2016-10-16,,,,0.0,,,,,,,,,,,,,,,,,
635,635.0,2016-10-17,,,,0.0,,,,,,,,,,,,,,,,,
636,636.0,2016-10-18,,,,0.9,,,,,,,,,,,,,,,,,
637,637.0,2016-10-19,,,,16.2,,,,,,,,,,,,,,,,,
638,638.0,2016-10-20,,,,5.9,,,,,,,,,,,,,,,,,
639,639.0,2016-10-21,,,,0.8,,,,,,,,,,,,,,,,,
640,640.0,2016-10-22,,,,7.0,,,,,,,,,,,,,,,,,
641,641.0,2016-10-23,,,,0.1,,,,,,,,,,,,,,,,,
642,642.0,2016-10-24,,,,3.1,,,,,,,,,,,,,,,,,
643,643.0,2016-10-25,,,,8.4,,,,,,,,,,,,,,,,,
644,644.0,2016-10-26,,,,0.0,,,,,,,,,,,,,,,,,
645,645.0,2016-10-27,,,,0.0,,,,,,,,,,,,,,,,,
646,646.0,2016-10-28,,,,0.3,,,,,,,,,,,,,,,,,
647,647.0,2016-10-29,,,,0.1,,,,,,,,,,,,,,,,,
648,648.0,2016-10-30,,,,0.2,,,,,,,,,,,,,,,,,
649,649.0,2016-10-31,,,,0.0,,,,,,,,,,,,,,,,,
650,650.0,2016-11-01,,,,0.0,,,,,,,,,,,,,,,,,
651,651.0,2016-11-02,,,,2.4,,,,,,,,,,,,,,,,,
652,652.0,2016-11-03,,,,1.0,,,,,,,,,,,,,,,,,
653,653.0,2016-11-04,,,,0.0,,,,,,,,,,,,,,,,,
654,654.0,2016-11-05,,,,11.7,,,,,,,,,,,,,,,,,
655,655.0,2016-11-06,,,,0.6,,,,,,,,,,,,,,,,,
656,656.0,2016-11-07,,,,1.2,,,,,,,,,,,,,,,,,
657,657.0,2016-11-08,,,,3.8,,,,,,,,,,,,,,,,,
658,658.0,2016-11-09,,,,0.3,,,,,,,,,,,,,,,,,
659,659.0,2016-11-10,,,,6.5,,,,,,,,,,,,,,,,,
660,660.0,2016-11-11,,,,0.6,,,,,,,,,,,,,,,,,
661,661.0,2016-11-12,,,,0.0,,,,,,,,,,,,,,,,,
662,662.0,2016-11-13,,,,0.0,,,,,,,,,,,,,,,,,
663,663.0,2016-11-14,,,,0.0,,,,,,,,,,,,,,,,,
664,664.0,2016-11-15,,,,1.6,,,,,,,,,,,,,,,,,
665,665.0,2016-11-16,,,,7.2,,,,,,,,,,,,,,,,,
666,666.0,2016-11-17,,,,7.1,,,,,,,,,,,,,,,,,
667,667.0,2016-11-18,,,,12.8,,,,,,,,,,,,,,,,,
668,668.0,2016-11-19,,,,8.2,,,,,,,,,,,,,,,,,
669,669.0,2016-11-20,,,,0.0,,,,,,,,,,,,,,,,,
670,670.0,2016-11-21,,,,0.0,,,,,,,,,,,,,,,,,
671,671.0,2016-11-22,,,,0.0,,,,,,,,,,,,,,,,,
672,672.0,2016-11-23,,,,0.0,,,,,,,,,,,,,,,,,
673,673.0,2016-11-24,,,,0.0,,,,,,,,,,,,,,,,,
674,674.0,2016-11-25,,,,0.0,,,,,,,,,,,,,,,,,
675,675.0,2016-11-26,,,,0.0,,,,,,,,,,,,,,,,,
676,676.0,2016-11-27,,,,0.4,,,,,,,,,,,,,,,,,
677,677.0,2016-11-28,,,,0.0,,,,,,,,,,,,,,,,,
678,678.0,2016-11-29,,,,0.0,,,,,,,,,,,,,,,,,
679,679.0,2016-11-30,,,,0.0,,,,,,,,,,,,,,,,,
680,680.0,2016-12-01,,,,0.7,,,,,,,,,,,,,,,,,
681,681.0,2016-12-02,,,,4.5,,,,,,,,,,,,,,,,,
682,682.0,2016-12-03,,,,0.0,,,,,,,,,,,,,,,,,
683,683.0,2016-12-04,,,,0.0,,,,,,,,,,,,,,,,,
684,684.0,2016-12-05,,,,0.0,,,,,,,,,,,,,,,,,
685,685.0,2016-12-06,,,,0.0,,,,,,,,,,,,,,,,,
686,686.0,2016-12-07,,,,0.0,,,,,,,,,,,,,,,,,
687,687.0,2016-12-08,,,,0.0,,,,,,,,,,,,,,,,,
688,688.0,2016-12-09,,,,0.0,,,,,,,,,,,,,,,,,
689,689.0,2016-12-10,,,,0.1,,,,,,,,,,,,,,,,,
690,690.0,2016-12-11,,,,3.8,,,,,,,,,,,,,,,,,
691,691.0,2016-12-12,,,,8.1,,,,,,,,,,,,,,,,,
692,692.0,2016-12-13,,,,0.5,,,,,,,,,,,,,,,,,
693,693.0,2016-12-14,,,,0.0,,,,,,,,,,,,,,,,,
694,694.0,2016-12-15,,,,0.0,,,,,,,,,,,,,,,,,
695,695.0,2016-12-16,,,,0.0,,,,,,,,,,,,,,,,,
696,696.0,2016-12-17,,,,0.0,,,,,,,,,,,,,,,,,
697,697.0,2016-12-18,,,,0.7,,,,,,,,,,,,,,,,,
698,698.0,2016-12-19,,,,0.0,,,,,,,,,,,,,,,,,
699,699.0,2016-12-20,,,,0.0,,,,,,,,,,,,,,,,,
700,700.0,2016-12-21,,,,0.0,,,,,,,,,,,,,,,,,
701,701.0,2016-12-22,,,,0.5,,,,,,,,,,,,,,,,,
702,702.0,2016-12-23,,,,0.0,,,,,,,,,,,,,,,,,
703,703.0,2016-12-24,,,,3.2,,,,,,,,,,,,,,,,,
704,704.0,2016-12-25,,,,8.9,,,,,,,,,,,,,,,,,
705,705.0,2016-12-26,,,,5.1,,,,,,,,,,,,,,,,,
706,706.0,2016-12-27,,,,0.7,,,,,,,,,,,,,,,,,
707,707.0,2016-12-28,,,,0.6,,,,,,,,,,,,,,,,,
708,708.0,2016-12-29,,,,0.0,,,,,,,,,,,,,,,,,
709,709.0,2016-12-30,,,,0.0,,,,,,,,,,,,,,,,,
710,710.0,2016-12-31,,,,0.0,,,,,,,,,,,,,,,,,
711,711.0,2017-01-01,,,,0.0,,,,,,,,,,,,,,,,,
712,712.0,2017-01-02,,,,1.7,,,,,,,,,,,,,,,,,
713,713.0,2017-01-03,,,,2.7,,,,,,,,,,,,,,,,,
714,714.0,2017-01-04,,,,4.5,,,,,,,,,,,,,,,,,
715,715.0,2017-01-05,,,,4.8,,,,,,,,,,,,,,,,,
716,716.0,2017-01-06,,,,0.2,,,,,,,,,,,,,,,,,
717,717.0,2017-01-07,,,,1.0,,,,,,,,,,,,,,,,,
718,718.0,2017-01-08,,,,1.5,,,,,,,,,,,,,,,,,
719,719.0,2017-01-09,,,,0.0,,,,,,,,,,,,,,,,,
720,720.0,2017-01-10,,,,0.0,,,,,,,,,,,,,,,,,
721,721.0,2017-01-11,,,,4.4,,,,,,,,,,,,,,,,,
722,722.0,2017-01-12,,,,5.0,,,,,,,,,,,,,,,,,
723,723.0,2017-01-13,,,,11.0,,,,,,,,,,,,,,,,,
724,724.0,2017-01-14,,,,6.1,,,,,,,,,,,,,,,,,
725,725.0,2017-01-15,,,,1.4,,,,,,,,,,,,,,,,,
726,726.0,2017-01-16,,,,0.1,,,,,,,,,,,,,,,,,
727,727.0,2017-01-17,,,,0.3,,,,,,,,,,,,,,,,,
728,728.0,2017-01-18,,,,0.0,,,,,,,,,,,,,,,,,
729,729.0,2017-01-19,,,,0.0,,,,,,,,,,,,,,,,,
730,730.0,2017-01-20,,,,0.0,,,,,,,,,,,,,,,,,
731,731.0,2017-01-21,,,,0.0,,,,,,,,,,,,,,,,,
732,732.0,2017-01-22,,,,0.0,,,,,,,,,,,,,,,,,
733,733.0,2017-01-23,,,,0.0,,,,,,,,,,,,,,,,,
734,734.0,2017-01-24,,,,0.0,,,,,,,,,,,,,,,,,
735,735.0,2017-01-25,,,,0.0,,,,,,,,,,,,,,,,,
736,736.0,2017-01-26,,,,0.0,,,,,,,,,,,,,,,,,
737,737.0,2017-01-27,,,,0.0,,,,,,,,,,,,,,,,,
738,738.0,2017-01-28,,,,0.0,,,,,,,,,,,,,,,,,
739,739.0,2017-01-29,,,,0.0,,,,,,,,,,,,,,,,,
740,740.0,2017-01-30,,,,2.6,,,,,,,,,,,,,,,,,
741,741.0,2017-01-31,,,,4.3,,,,,,,,,,,,,,,,,
742,742.0,2017-02-01,,,,0.2,,,,,,,,,,,,,,,,,
743,743.0,2017-02-02,,,,1.1,,,,,,,,,,,,,,,,,
744,744.0,2017-02-03,,,,0.1,,,,,,,,,,,,,,,,,
745,745.0,2017-02-04,,,,0.2,,,,,,,,,,,,,,,,,
746,746.0,2017-02-05,,,,3.7,,,,,,,,,,,,,,,,,
747,747.0,2017-02-06,,,,0.0,,,,,,,,,,,,,,,,,
748,748.0,2017-02-07,,,,0.0,,,,,,,,,,,,,,,,,
749,749.0,2017-02-08,,,,0.0,,,,,,,,,,,,,,,,,
750,750.0,2017-02-09,,,,0.0,,,,,,,,,,,,,,,,,
751,751.0,2017-02-10,,,,0.0,,,,,,,,,,,,,,,,,
752,752.0,2017-02-11,,,,1.2,,,,,,,,,,,,,,,,,
753,753.0,2017-02-12,,,,0.0,,,,,,,,,,,,,,,,,
754,754.0,2017-02-13,,,,0.0,,,,,,,,,,,,,,,,,
755,755.0,2017-02-14,,,,0.0,,,,,,,,,,,,,,,,,
756,756.0,2017-02-15,,,,0.0,,,,,,,,,,,,,,,,,
757,757.0,2017-02-16,,,,0.0,,,,,,,,,,,,,,,,,
758,758.0,2017-02-17,,,,6.0,,,,,,,,,,,,,,,,,
759,759.0,2017-02-18,,,,0.9,,,,,,,,,,,,,,,,,
760,760.0,2017-02-19,,,,0.7,,,,,,,,,,,,,,,,,
761,761.0,2017-02-20,,,,6.1,,,,,,,,,,,,,,,,,
762,762.0,2017-02-21,,,,2.4,,,,,,,,,,,,,,,,,
763,763.0,2017-02-22,,,,25.5,,,,,,,,,,,,,,,,,
764,764.0,2017-02-23,,,,11.5,,,,,,,,,,,,,,,,,
765,765.0,2017-02-24,,,,0.5,,,,,,,,,,,,,,,,,
766,766.0,2017-02-25,,,,0.0,,,,,,,,,,,,,,,,,
767,767.0,2017-02-26,,,,0.0,,,,,,,,,,,,,,,,,
768,768.0,2017-02-27,,,,0.0,,,,,,,,,,,,,,,,,
769,769.0,2017-02-28,,,,15.6,,,,,,,,,,,,,,,,,
770,770.0,2017-03-01,,,,6.9,,,,,,,,,,,,,,,,,
771,771.0,2017-03-02,,,,8.0,,,,,,,,,,,,,,,,,
772,772.0,2017-03-03,,,,0.0,,,,,,,,,,,,,,,,,
773,773.0,2017-03-04,,,,0.9,,,,,,,,,,,,,,,,,
774,774.0,2017-03-05,,,,2.4,,,,,,,,,,,,,,,,,
775,775.0,2017-03-06,,,,12.4,,,,,,,,,,,,,,,,,
776,776.0,2017-03-07,,,,4.7,,,,,,,,,,,,,,,,,
777,777.0,2017-03-08,,,,5.4,,,,,,,,,,,,,,,,,
778,778.0,2017-03-09,,,,5.2,,,,,,,,,,,,,,,,,
779,779.0,2017-03-10,,,,0.9,,,,,,,,,,,,,,,,,
780,780.0,2017-03-11,,,,0.0,,,,,,,,,,,,,,,,,
781,781.0,2017-03-12,,,,0.0,,,,,,,,,,,,,,,,,
782,782.0,2017-03-13,,,,0.0,,,,,,,,,,,,,,,,,
783,783.0,2017-03-14,,,,0.0,,,,,,,,,,,,,,,,,
784,784.0,2017-03-15,,,,0.0,,,,,,,,,,,,,,,,,
785,785.0,2017-03-16,,,,0.0,,,,,,,,,,,,,,,,,
786,786.0,2017-03-17,,,,0.0,,,,,,,,,,,,,,,,,
787,787.0,2017-03-18,,,,26.9,,,,,,,,,,,,,,,,,
788,788.0,2017-03-19,,,,5.1,,,,,,,,,,,,,,,,,
789,789.0,2017-03-20,,,,0.0,,,,,,,,,,,,,,,,,
790,790.0,2017-03-21,,,,9.8,,,,,,,,,,,,,,,,,
791,791.0,2017-03-22,,,,0.6,,,,,,,,,,,,,,,,,
792,792.0,2017-03-23,,,,1.3,,,,,,,,,,,,,,,,,
793,793.0,2017-03-24,,,,0.0,,,,,,,,,,,,,,,,,
794,794.0,2017-03-25,,,,0.0,,,,,,,,,,,,,,,,,
795,795.0,2017-03-27,,,,0.0,,,,,,,,,,,,,,,,,
796,796.0,2017-03-28,,,,0.0,,,,,,,,,,,,,,,,,
797,797.0,2017-03-29,,,,0.0,,,,,,,,,,,,,,,,,
798,798.0,2017-03-30,,,,0.0,,,,,,,,,,,,,,,,,
799,799.0,2017-03-31,,,,0.0,,,,,,,,,,,,,,,,,
800,800.0,2017-04-01,,,,0.0,,,,,,,,,,,,,,,,,
801,801.0,2017-04-02,,,,0.0,,,,,,,,,,,,,,,,,
802,802.0,2017-04-03,,,,0.0,,,,,,,,,,,,,,,,,
803,803.0,2017-04-04,,,,0.7,,,,,,,,,,,,,,,,,
804,804.0,2017-04-05,,,,0.0,,,,,,,,,,,,,,,,,
805,805.0,2017-04-06,,,,0.0,,,,,,,,,,,,,,,,,
806,806.0,2017-04-07,,,,0.0,,,,,,,,,,,,,,,,,
807,807.0,2017-04-08,,,,0.0,,,,,,,,,,,,,,,,,
808,808.0,2017-04-09,,,,0.0,,,,,,,,,,,,,,,,,
809,809.0,2017-04-10,,,,0.0,,,,,,,,,,,,,,,,,
810,810.0,2017-04-11,,,,0.0,,,,,,,,,,,,,,,,,
811,811.0,2017-04-12,,,,0.1,,,,,,,,,,,,,,,,,
812,812.0,2017-04-13,,,,0.9,,,,,,,,,,,,,,,,,
813,813.0,2017-04-14,,,,0.0,,,,,,,,,,,,,,,,,
814,814.0,2017-04-15,,,,1.0,,,,,,,,,,,,,,,,,
815,815.0,2017-04-16,,,,0.6,,,,,,,,,,,,,,,,,
816,816.0,2017-04-17,,,,3.9,,,,,,,,,,,,,,,,,
817,817.0,2017-04-18,,,,6.0,,,,,,,,,,,,,,,,,
818,818.0,2017-04-19,,,,1.9,,,,,,,,,,,,,,,,,
819,819.0,2017-04-20,,,,0.0,,,,,,,,,,,,,,,,,
820,820.0,2017-04-21,,,,0.0,,,,,,,,,,,,,,,,,
821,821.0,2017-04-22,,,,2.4,,,,,,,,,,,,,,,,,
822,822.0,2017-04-23,,,,0.2,,,,,,,,,,,,,,,,,
823,823.0,2017-04-24,,,,0.0,,,,,,,,,,,,,,,,,
824,824.0,2017-04-25,,,,0.0,,,,,,,,,,,,,,,,,
825,825.0,2017-04-26,,,,0.5,,,,,,,,,,,,,,,,,
826,826.0,2017-04-27,,,,0.1,,,,,,,,,,,,,,,,,
827,827.0,2017-04-28,,,,0.6,,,,,,,,,,,,,,,,,
828,828.0,2017-04-29,,,,0.0,,,,,,,,,,,,,,,,,
829,829.0,2017-04-30,,,,0.0,,,,,,,,,,,,,,,,,
830,830.0,2017-05-01,,,,0.0,,,,,,,,,,,,,,,,,
831,831.0,2017-05-02,,,,9.5,,,,,,,,,,,,,,,,,
832,832.0,2017-05-03,,,,0.1,,,,,,,,,,,,,,,,,
833,833.0,2017-05-04,,,,1.8,,,,,,,,,,,,,,,,,
834,834.0,2017-05-05,,,,0.0,,,,,,,,,,,,,,,,,
835,835.0,2017-05-06,,,,0.0,,,,,,,,,,,,,,,,,
836,836.0,2017-05-07,,,,0.1,,,,,,,,,,,,,,,,,
837,837.0,2017-05-08,,,,1.1,,,,,,,,,,,,,,,,,
838,838.0,2017-05-09,,,,1.6,,,,,,,,,,,,,,,,,
839,839.0,2017-05-10,,,,0.0,,,,,,,,,,,,,,,,,
840,840.0,2017-05-11,,,,0.0,,,,,,,,,,,,,,,,,
841,841.0,2017-05-12,,,,0.1,,,,,,,,,,,,,,,,,
842,842.0,2017-05-13,,,,0.1,,,,,,,,,,,,,,,,,
843,843.0,2017-05-14,,,,8.5,,,,,,,,,,,,,,,,,
844,844.0,2017-05-15,,,,0.0,,,,,,,,,,,,,,,,,
845,845.0,2017-05-16,,,,0.0,,,,,,,,,,,,,,,,,
846,846.0,2017-05-17,,,,0.0,,,,,,,,,,,,,,,,,
847,847.0,2017-05-18,,,,0.0,,,,,,,,,,,,,,,,,
848,848.0,2017-05-19,,,,5.8,,,,,,,,,,,,,,,,,
849,849.0,2017-05-20,,,,7.3,,,,,,,,,,,,,,,,,
850,850.0,2017-05-21,,,,0.0,,,,,,,,,,,,,,,,,
851,851.0,2017-05-22,,,,0.0,,,,,,,,,,,,,,,,,
852,852.0,2017-05-23,,,,0.0,,,,,,,,,,,,,,,,,
853,853.0,2017-05-24,,,,0.3,,,,,,,,,,,,,,,,,
854,854.0,2017-05-25,,,,0.0,,,,,,,,,,,,,,,,,
855,855.0,2017-05-26,,,,0.0,,,,,,,,,,,,,,,,,
856,856.0,2017-05-27,,,,0.0,,,,,,,,,,,,,,,,,
857,857.0,2017-05-28,,,,0.0,,,,,,,,,,,,,,,,,
858,858.0,2017-05-29,,,,0.0,,,,,,,,,,,,,,,,,
859,859.0,2017-05-30,,,,6.2,,,,,,,,,,,,,,,,,
860,860.0,2017-05-31,,,,0.0,,,,,,,,,,,,,,,,,
861,861.0,2017-06-01,,,,0.0,,,,,,,,,,,,,,,,,
862,862.0,2017-06-02,,,,0.0,,,,,,,,,,,,,,,,,
863,863.0,2017-06-03,,,,4.4,,,,,,,,,,,,,,,,,
864,864.0,2017-06-04,,,,16.8,,,,,,,,,,,,,,,,,
865,865.0,2017-06-05,,,,2.1,,,,,,,,,,,,,,,,,
866,866.0,2017-06-06,,,,4.6,,,,,,,,,,,,,,,,,
867,867.0,2017-06-07,,,,2.5,,,,,,,,,,,,,,,,,
868,868.0,2017-06-08,,,,0.0,,,,,,,,,,,,,,,,,
869,869.0,2017-06-09,,,,1.0,,,,,,,,,,,,,,,,,
870,870.0,2017-06-10,,,,1.2,,,,,,,,,,,,,,,,,
871,871.0,2017-06-11,,,,0.0,,,,,,,,,,,,,,,,,
872,872.0,2017-06-12,,,,0.0,,,,,,,,,,,,,,,,,
873,873.0,2017-06-13,,,,0.0,,,,,,,,,,,,,,,,,
874,874.0,2017-06-14,,,,0.0,,,,,,,,,,,,,,,,,
875,875.0,2017-06-15,,,,0.0,,,,,,,,,,,,,,,,,
876,876.0,2017-06-16,,,,0.4,,,,,,,,,,,,,,,,,
877,877.0,2017-06-17,,,,0.0,,,,,,,,,,,,,,,,,
878,878.0,2017-06-18,,,,0.0,,,,,,,,,,,,,,,,,
879,879.0,2017-06-19,,,,0.0,,,,,,,,,,,,,,,,,
880,880.0,2017-06-20,,,,0.0,,,,,,,,,,,,,,,,,
881,881.0,2017-06-21,,,,0.0,,,,,,,,,,,,,,,,,
882,882.0,2017-06-22,,,,2.3,,,,,,,,,,,,,,,,,
883,883.0,2017-06-23,,,,6.5,,,,,,,,,,,,,,,,,
884,884.0,2017-06-24,,,,0.0,,,,,,,,,,,,,,,,,
885,885.0,2017-06-25,,,,0.0,,,,,,,,,,,,,,,,,
886,886.0,2017-06-26,,,,0.0,,,,,,,,,,,,,,,,,
887,887.0,2017-06-27,,,,0.0,,,,,,,,,,,,,,,,,
888,888.0,2017-06-28,,,,2.5,,,,,,,,,,,,,,,,,
889,889.0,2017-06-29,,,,63.9,,,,,,,,,,,,,,,,,
890,890.0,2017-06-30,,,,1.4,,,,,,,,,,,,,,,,,
891,891.0,2017-07-01,,,,6.1,,,,,,,,,,,,,,,,,
892,892.0,2017-07-02,,,,2.7,,,,,,,,,,,,,,,,,
893,893.0,2017-07-03,,,,2.6,,,,,,,,,,,,,,,,,
894,894.0,2017-07-04,,,,0.0,,,,,,,,,,,,,,,,,
895,895.0,2017-07-05,,,,0.1,,,,,,,,,,,,,,,,,
896,896.0,2017-07-06,,,,0.0,,,,,,,,,,,,,,,,,
897,897.0,2017-07-07,,,,4.7,,,,,,,,,,,,,,,,,
898,898.0,2017-07-08,,,,0.0,,,,,,,,,,,,,,,,,
899,899.0,2017-07-09,,,,0.0,,,,,,,,,,,,,,,,,
900,900.0,2017-07-10,,,,12.0,,,,,,,,,,,,,,,,,
901,901.0,2017-07-11,,,,27.9,,,,,,,,,,,,,,,,,
902,902.0,2017-07-12,,,,15.8,,,,,,,,,,,,,,,,,
903,903.0,2017-07-13,,,,1.3,,,,,,,,,,,,,,,,,
904,904.0,2017-07-14,,,,2.4,,,,,,,,,,,,,,,,,
905,905.0,2017-07-15,,,,9.0,,,,,,,,,,,,,,,,,
906,906.0,2017-07-16,,,,0.0,,,,,,,,,,,,,,,,,
907,907.0,2017-07-17,,,,4.9,,,,,,,,,,,,,,,,,
908,908.0,2017-07-18,,,,0.2,,,,,,,,,,,,,,,,,
909,909.0,2017-07-19,,,,0.0,,,,,,,,,,,,,,,,,
910,910.0,2017-07-20,,,,27.1,,,,,,,,,,,,,,,,,
911,911.0,2017-07-21,,,,0.0,,,,,,,,,,,,,,,,,
912,912.0,2017-07-22,,,,0.5,,,,,,,,,,,,,,,,,
913,913.0,2017-07-23,,,,4.1,,,,,,,,,,,,,,,,,
914,914.0,2017-07-24,,,,14.1,,,,,,,,,,,,,,,,,
915,915.0,2017-07-25,,,,11.8,,,,,,,,,,,,,,,,,
916,916.0,2017-07-26,,,,6.2,,,,,,,,,,,,,,,,,
917,917.0,2017-07-27,,,,1.6,,,,,,,,,,,,,,,,,
918,918.0,2017-07-28,,,,8.8,,,,,,,,,,,,,,,,,
919,919.0,2017-07-29,,,,0.0,,,,,,,,,,,,,,,,,
920,920.0,2017-07-30,,,,0.0,,,,,,,,,,,,,,,,,
921,921.0,2017-07-31,,,,7.0,,,,,,,,,,,,,,,,,
922,922.0,2017-08-01,,,,1.6,,,,,,,,,,,,,,,,,
923,923.0,2017-08-02,,,,0.9,,,,,,,,,,,,,,,,,
924,924.0,2017-08-03,,,,3.1,,,,,,,,,,,,,,,,,
925,925.0,2017-08-04,,,,0.0,,,,,,,,,,,,,,,,,
926,926.0,2017-08-05,,,,2.3,,,,,,,,,,,,,,,,,
927,927.0,2017-08-06,,,,0.0,,,,,,,,,,,,,,,,,
928,928.0,2017-08-07,,,,0.0,,,,,,,,,,,,,,,,,
929,929.0,2017-08-08,,,,0.4,,,,,,,,,,,,,,,,,
930,930.0,2017-08-09,,,,0.0,,,,,,,,,,,,,,,,,
931,931.0,2017-08-10,,,,30.6,,,,,,,,,,,,,,,,,
932,932.0,2017-08-11,,,,5.4,,,,,,,,,,,,,,,,,
933,933.0,2017-08-12,,,,2.2,,,,,,,,,,,,,,,,,
934,934.0,2017-08-13,,,,4.0,,,,,,,,,,,,,,,,,
935,935.0,2017-08-14,,,,0.0,,,,,,,,,,,,,,,,,
936,936.0,2017-08-15,,,,0.1,,,,,,,,,,,,,,,,,
937,937.0,2017-08-16,,,,6.2,,,,,,,,,,,,,,,,,
938,938.0,2017-08-17,,,,0.0,,,,,,,,,,,,,,,,,
939,939.0,2017-08-18,,,,6.7,,,,,,,,,,,,,,,,,
940,940.0,2017-08-19,,,,0.3,,,,,,,,,,,,,,,,,
941,941.0,2017-08-20,,,,0.2,,,,,,,,,,,,,,,,,
942,942.0,2017-08-21,,,,0.0,,,,,,,,,,,,,,,,,
943,943.0,2017-08-22,,,,0.0,,,,,,,,,,,,,,,,,
944,944.0,2017-08-23,,,,0.0,,,,,,,,,,,,,,,,,
945,945.0,2017-08-24,,,,0.0,,,,,,,,,,,,,,,,,
946,946.0,2017-08-25,,,,4.7,,,,,,,,,,,,,,,,,
947,947.0,2017-08-26,,,,3.8,,,,,,,,,,,,,,,,,
948,948.0,2017-08-27,,,,0.0,,,,,,,,,,,,,,,,,
949,949.0,2017-08-28,,,,0.0,,,,,,,,,,,,,,,,,
950,950.0,2017-08-29,,,,0.0,,,,,,,,,,,,,,,,,
951,951.0,2017-08-30,,,,0.0,,,,,,,,,,,,,,,,,
952,952.0,2017-08-31,,,,33.0,,,,,,,,,,,,,,,,,
953,953.0,2017-09-01,,,,0.0,,,,,,,,,,,,,,,,,
954,954.0,2017-09-02,,,,0.0,,,,,,,,,,,,,,,,,
955,955.0,2017-09-03,,,,0.0,,,,,,,,,,,,,,,,,
956,956.0,2017-09-04,,,,0.0,,,,,,,,,,,,,,,,,
957,957.0,2017-09-05,,,,0.0,,,,,,,,,,,,,,,,,
958,958.0,2017-09-06,,,,6.6,,,,,,,,,,,,,,,,,
959,959.0,2017-09-07,,,,0.2,,,,,,,,,,,,,,,,,
960,960.0,2017-09-08,,,,0.0,,,,,,,,,,,,,,,,,
961,961.0,2017-09-09,,,,2.0,,,,,,,,,,,,,,,,,
962,962.0,2017-09-10,,,,0.0,,,,,,,,,,,,,,,,,
963,963.0,2017-09-11,,,,1.3,,,,,,,,,,,,,,,,,
964,964.0,2017-09-12,,,,8.2,,,,,,,,,,,,,,,,,
965,965.0,2017-09-13,,,,11.7,,,,,,,,,,,,,,,,,
966,966.0,2017-09-15,,,,4.6,,,,,,,,,,,,,,,,,
967,967.0,2017-09-16,,,,0.0,,,,,,,,,,,,,,,,,
968,968.0,2017-09-17,,,,0.1,,,,,,,,,,,,,,,,,
969,969.0,2017-09-18,,,,0.0,,,,,,,,,,,,,,,,,
970,970.0,2017-09-19,,,,0.0,,,,,,,,,,,,,,,,,
971,971.0,2017-09-20,,,,4.1,,,,,,,,,,,,,,,,,
972,972.0,2017-09-21,,,,0.0,,,,,,,,,,,,,,,,,
973,973.0,2017-09-22,,,,0.0,,,,,,,,,,,,,,,,,
974,974.0,2017-09-23,,,,0.0,,,,,,,,,,,,,,,,,
975,975.0,2017-09-24,,,,0.0,,,,,,,,,,,,,,,,,
976,976.0,2017-09-25,,,,4.6,,,,,,,,,,,,,,,,,
977,977.0,2017-09-26,,,,0.0,,,,,,,,,,,,,,,,,
978,978.0,2017-09-27,,,,0.0,,,,,,,,,,,,,,,,,
979,979.0,2017-09-28,,,,0.0,,,,,,,,,,,,,,,,,
980,980.0,2017-09-29,,,,0.0,,,,,,,,,,,,,,,,,
981,981.0,2017-09-30,,,,0.0,,,,,,,,,,,,,,,,,
982,982.0,2017-10-01,,,,7.3,,,,,,,,,,,,,,,,,
983,983.0,2017-10-02,,,,5.2,,,,,,,,,,,,,,,,,
984,984.0,2017-10-03,,,,14.6,,,,,,,,,,,,,,,,,
985,985.0,2017-10-04,,,,0.0,,,,,,,,,,,,,,,,,
986,986.0,2017-10-05,,,,6.8,,,,,,,,,,,,,,,,,
987,987.0,2017-10-06,,,,2.2,,,,,,,,,,,,,,,,,
988,988.0,2017-10-07,,,,5.1,,,,,,,,,,,,,,,,,
989,989.0,2017-10-08,,,,5.9,,,,,,,,,,,,,,,,,
990,990.0,2017-10-09,,,,0.0,,,,,,,,,,,,,,,,,
991,991.0,2017-10-10,,,,6.5,,,,,,,,,,,,,,,,,
992,992.0,2017-10-11,,,,0.7,,,,,,,,,,,,,,,,,
993,993.0,2017-10-12,,,,0.0,,,,,,,,,,,,,,,,,
994,994.0,2017-10-13,,,,0.1,,,,,,,,,,,,,,,,,
995,995.0,2017-10-14,,,,0.0,,,,,,,,,,,,,,,,,
996,996.0,2017-10-15,,,,0.0,,,,,,,,,,,,,,,,,
997,997.0,2017-10-16,,,,0.0,,,,,,,,,,,,,,,,,
998,998.0,2017-10-17,,,,0.0,,,,,,,,,,,,,,,,,
999,999.0,2017-10-18,,,,0.0,,,,,,,,,,,,,,,,,
1000,1000.0,2017-10-19,,,,0.0,,,,,,,,,,,,,,,,,
1001,1001.0,2017-10-20,,,,1.3,,,,,,,,,,,,,,,,,
1002,1002.0,2017-10-21,,,,1.5,,,,,,,,,,,,,,,,,
1003,1003.0,2017-10-22,,,,5.7,,,,,,,,,,,,,,,,,
1004,1004.0,2017-10-23,,,,7.2,,,,,,,,,,,,,,,,,
1005,1005.0,2017-10-24,,,,2.3,,,,,,,,,,,,,,,,,
1006,1006.0,2017-10-25,,,,2.0,,,,,,,,,,,,,,,,,
1007,1007.0,2017-10-26,,,,0.0,,,,,,,,,,,,,,,,,
1008,1008.0,2017-10-27,,,,6.0,,,,,,,,,,,,,,,,,
1009,1009.0,2017-10-28,,,,0.2,,,,,,,,,,,,,,,,,
1010,1010.0,2017-10-29,,,,16.4,,,,,,,,,,,,,,,,,
1011,1011.0,2017-10-30,,,,0.7,,,,,,,,,,,,,,,,,
1012,1012.0,2017-10-31,,,,0.1,,,,,,,,,,,,,,,,,
1013,1013.0,2017-11-01,,,,1.2,,,,,,,,,,,,,,,,,
1014,1014.0,2017-11-02,,,,0.0,,,,,,,,,,,,,,,,,
1015,1015.0,2017-11-03,,,,0.0,,,,,,,,,,,,,,,,,
1016,1016.0,2017-11-04,,,,0.0,,,,,,,,,,,,,,,,,
1017,1017.0,2017-11-05,,,,10.8,,,,,,,,,,,,,,,,,
1018,1018.0,2017-11-06,,,,0.0,,,,,,,,,,,,,,,,,
1019,1019.0,2017-11-07,,,,0.0,,,,,,,,,,,,,,,,,
1020,1020.0,2017-11-08,,,,5.8,,,,,,,,,,,,,,,,,
1021,1021.0,2017-11-09,,,,4.3,,,,,,,,,,,,,,,,,
1022,1022.0,2017-11-10,,,,7.4,,,,,,,,,,,,,,,,,
1023,1023.0,2017-11-11,,,,5.3,,,,,,,,,,,,,,,,,
1024,1024.0,2017-11-12,,,,9.9,,,,,,,,,,,,,,,,,
1025,1025.0,2017-11-13,,,,2.2,,,,,,,,,,,,,,,,,
1026,1026.0,2017-11-14,,,,0.1,,,,,,,,,,,,,,,,,
1027,1027.0,2017-11-15,,,,0.0,,,,,,,,,,,,,,,,,
1028,1028.0,2017-11-16,,,,0.0,,,,,,,,,,,,,,,,,
1029,1029.0,2017-11-17,,,,1.0,,,,,,,,,,,,,,,,,
1030,1030.0,2017-11-18,,,,0.4,,,,,,,,,,,,,,,,,
1031,1031.0,2017-11-19,,,,4.2,,,,,,,,,,,,,,,,,
1032,1032.0,2017-11-20,,,,6.4,,,,,,,,,,,,,,,,,
1033,1033.0,2017-11-21,,,,5.1,,,,,,,,,,,,,,,,,
1034,1034.0,2017-11-22,,,,0.2,,,,,,,,,,,,,,,,,
1035,1035.0,2017-11-23,,,,0.0,,,,,,,,,,,,,,,,,
1036,1036.0,2017-11-24,,,,4.8,,,,,,,,,,,,,,,,,
1037,1037.0,2017-11-25,,,,22.1,,,,,,,,,,,,,,,,,
1038,1038.0,2017-11-26,,,,2.5,,,,,,,,,,,,,,,,,
1039,1039.0,2017-11-27,,,,11.8,,,,,,,,,,,,,,,,,
1040,1040.0,2017-11-28,,,,14.0,,,,,,,,,,,,,,,,,
1041,1041.0,2017-11-29,,,,0.7,,,,,,,,,,,,,,,,,
1042,1042.0,2017-11-30,,,,0.2,,,,,,,,,,,,,,,,,
1043,1043.0,2017-12-01,,,,0.0,,,,,,,,,,,,,,,,,
1044,1044.0,2017-12-02,,,,0.0,,,,,,,,,,,,,,,,,
1045,1045.0,2017-12-03,,,,6.3,,,,,,,,,,,,,,,,,
1046,1046.0,2017-12-04,,,,9.3,,,,,,,,,,,,,,,,,
1047,1047.0,2017-12-05,,,,2.3,,,,,,,,,,,,,,,,,
1048,1048.0,2017-12-06,,,,0.0,,,,,,,,,,,,,,,,,
1049,1049.0,2017-12-07,,,,0.0,,,,,,,,,,,,,,,,,
1050,1050.0,2017-12-08,,,,13.4,,,,,,,,,,,,,,,,,
1051,1051.0,2017-12-09,,,,1.8,,,,,,,,,,,,,,,,,
1052,1052.0,2017-12-10,,,,5.0,,,,,,,,,,,,,,,,,
1053,1053.0,2017-12-11,,,,9.7,,,,,,,,,,,,,,,,,
1054,1054.0,2017-12-12,,,,6.2,,,,,,,,,,,,,,,,,
1055,1055.0,2017-12-13,,,,5.4,,,,,,,,,,,,,,,,,
1056,1056.0,2017-12-14,,,,13.3,,,,,,,,,,,,,,,,,
1057,1057.0,2017-12-15,,,,10.8,,,,,,,,,,,,,,,,,
1058,1058.0,2017-12-16,,,,1.4,,,,,,,,,,,,,,,,,
1059,1059.0,2017-12-17,,,,3.5,,,,,,,,,,,,,,,,,
1060,1060.0,2017-12-18,,,,0.0,,,,,,,,,,,,,,,,,
1061,1061.0,2017-12-19,,,,0.9,,,,,,,,,,,,,,,,,
1062,1062.0,2017-12-20,,,,0.6,,,,,,,,,,,,,,,,,
1063,1063.0,2017-12-21,,,,6.0,,,,,,,,,,,,,,,,,
1064,1064.0,2017-12-22,,,,0.0,,,,,,,,,,,,,,,,,
1065,1065.0,2017-12-23,,,,0.0,,,,,,,,,,,,,,,,,
1066,1066.0,2017-12-24,,,,1.4,,,,,,,,,,,,,,,,,
1067,1067.0,2017-12-25,,,,0.6,,,,,,,,,,,,,,,,,
1068,1068.0,2017-12-26,,,,3.0,,,,,,,,,,,,,,,,,
1069,1069.0,2017-12-27,,,,0.2,,,,,,,,,,,,,,,,,
1070,1070.0,2017-12-28,,,,6.3,,,,,,,,,,,,,,,,,
1071,1071.0,2017-12-29,,,,0.2,,,,,,,,,,,,,,,,,
1072,1072.0,2017-12-30,,,,5.0,,,,,,,,,,,,,,,,,
1073,1073.0,2017-12-31,,,,9.3,,,,,,,,,,,,,,,,,
1074,1074.0,2018-01-01,,,,3.7,,,,,,,,,,,,,,,,,
1075,1075.0,2018-01-02,,,,8.9,,,,,,,,,,,,,,,,,
1076,1076.0,2018-01-03,,,,28.8,,,,,,,,,,,,,,,,,
1077,1077.0,2018-01-04,,,,9.8,,,,,,,,,,,,,,,,,
1078,1078.0,2018-01-05,,,,6.7,,,,,,,,,,,,,,,,,
1079,1079.0,2018-01-06,,,,0.5,,,,,,,,,,,,,,,,,
1080,1080.0,2018-01-07,,,,1.0,,,,,,,,,,,,,,,,,
1081,1081.0,2018-01-08,,,,0.0,,,,,,,,,,,,,,,,,
1082,1082.0,2018-01-09,,,,0.0,,,,,,,,,,,,,,,,,
1083,1083.0,2018-01-10,,,,0.0,,,,,,,,,,,,,,,,,
1084,1084.0,2018-01-11,,,,0.4,,,,,,,,,,,,,,,,,
1085,1085.0,2018-01-12,,,,0.3,,,,,,,,,,,,,,,,,
1086,1086.0,2018-01-13,,,,0.0,,,,,,,,,,,,,,,,,
1087,1087.0,2018-01-14,,,,0.0,,,,,,,,,,,,,,,,,
1088,1088.0,2018-01-15,,,,1.2,,,,,,,,,,,,,,,,,
1089,1089.0,2018-01-16,,,,17.4,,,,,,,,,,,,,,,,,
1090,1090.0,2018-01-17,,,,7.2,,,,,,,,,,,,,,,,,
1091,1091.0,2018-01-18,,,,12.7,,,,,,,,,,,,,,,,,
1092,1092.0,2018-01-19,,,,4.2,,,,,,,,,,,,,,,,,
1093,1093.0,2018-01-20,,,,3.4,,,,,,,,,,,,,,,,,
1094,1094.0,2018-01-21,,,,7.5,,,,,,,,,,,,,,,,,
1095,1095.0,2018-01-22,,,,1.6,,,,,,,,,,,,,,,,,
1096,1096.0,2018-01-23,,,,1.1,,,,,,,,,,,,,,,,,
1097,1097.0,2018-01-24,,,,2.4,,,,,,,,,,,,,,,,,
1098,1098.0,2018-01-25,,,,0.0,,,,,,,,,,,,,,,,,
1099,1099.0,2018-01-26,,,,1.6,,,,,,,,,,,,,,,,,
1100,1100.0,2018-01-27,,,,0.0,,,,,,,,,,,,,,,,,
1101,1101.0,2018-01-28,,,,0.4,,,,,,,,,,,,,,,,,
1102,1102.0,2018-01-29,,,,2.1,,,,,,,,,,,,,,,,,
1103,1103.0,2018-01-30,,,,1.8,,,,,,,,,,,,,,,,,
1104,1104.0,2018-01-31,,,,18.3,,,,,,,,,,,,,,,,,
1105,1105.0,2018-02-01,,,,8.1,,,,,,,,,,,,,,,,,
1106,1106.0,2018-02-02,,,,1.4,,,,,,,,,,,,,,,,,
1107,1107.0,2018-02-03,,,,2.7,,,,,,,,,,,,,,,,,
1108,1108.0,2018-02-04,,,,1.0,,,,,,,,,,,,,,,,,
1109,1109.0,2018-02-05,,,,0.0,,,,,,,,,,,,,,,,,
1110,1110.0,2018-02-06,,,,0.0,,,,,,,,,,,,,,,,,
1111,1111.0,2018-02-07,,,,0.0,,,,,,,,,,,,,,,,,
1112,1112.0,2018-02-08,,,,0.0,,,,,,,,,,,,,,,,,
1113,1113.0,2018-02-09,,,,0.0,,,,,,,,,,,,,,,,,
1114,1114.0,2018-02-10,,,,0.0,,,,,,,,,,,,,,,,,
1115,1115.0,2018-02-11,,,,0.7,,,,,,,,,,,,,,,,,
1116,1116.0,2018-02-12,,,,2.4,,,,,,,,,,,,,,,,,
1117,1117.0,2018-02-13,,,,0.0,,,,,,,,,,,,,,,,,
1118,1118.0,2018-02-14,,,,0.0,,,,,,,,,,,,,,,,,
1119,1119.0,2018-02-15,,,,0.3,,,,,,,,,,,,,,,,,
1120,1120.0,2018-02-16,,,,2.0,,,,,,,,,,,,,,,,,
1121,1121.0,2018-02-17,,,,0.0,,,,,,,,,,,,,,,,,
1122,1122.0,2018-02-18,,,,0.0,,,,,,,,,,,,,,,,,
1123,1123.0,2018-02-19,,,,0.0,,,,,,,,,,,,,,,,,
1124,1124.0,2018-02-20,,,,0.0,,,,,,,,,,,,,,,,,
1125,1125.0,2018-02-21,,,,0.0,,,,,,,,,,,,,,,,,
1126,1126.0,2018-02-22,,,,0.0,,,,,,,,,,,,,,,,,
1127,1127.0,2018-02-23,,,,0.0,,,,,,,,,,,,,,,,,
1128,1128.0,2018-02-24,,,,0.0,,,,,,,,,,,,,,,,,
1129,1129.0,2018-02-25,,,,0.0,,,,,,,,,,,,,,,,,
1130,1130.0,2018-02-26,,,,0.1,,,,,,,,,,,,,,,,,
1131,1131.0,2018-02-27,,,,0.0,,,,,,,,,,,,,,,,,
1132,1132.0,2018-02-28,,,,0.0,,,,,,,,,,,,,,,,,
1133,1133.0,2018-03-01,,,,0.0,,,,,,,,,,,,,,,,,
1134,1134.0,2018-03-02,,,,0.0,,,,,,,,,,,,,,,,,
1135,1135.0,2018-03-03,,,,1.0,,,,,,,,,,,,,,,,,
1136,1136.0,2018-03-04,,,,0.4,,,,,,,,,,,,,,,,,
1137,1137.0,2018-03-05,,,,0.0,,,,,,,,,,,,,,,,,
1138,1138.0,2018-03-06,,,,5.8,,,,,,,,,,,,,,,,,
1139,1139.0,2018-03-07,,,,2.4,,,,,,,,,,,,,,,,,
1140,1140.0,2018-03-08,,,,0.7,,,,,,,,,,,,,,,,,
1141,1141.0,2018-03-09,,,,3.4,,,,,,,,,,,,,,,,,
1142,1142.0,2018-03-10,,,,0.9,,,,,,,,,,,,,,,,,
1143,1143.0,2018-03-11,,,,0.0,,,,,,,,,,,,,,,,,
1144,1144.0,2018-03-12,,,,12.8,,,,,,,,,,,,,,,,,
1145,1145.0,2018-03-13,,,,6.2,,,,,,,,,,,,,,,,,
1146,1146.0,2018-03-14,,,,5.0,,,,,,,,,,,,,,,,,
1147,1147.0,2018-03-15,,,,0.0,,,,,,,,,,,,,,,,,
1148,1148.0,2018-03-16,,,,6.6,,,,,,,,,,,,,,,,,
1149,1149.0,2018-03-17,,,,1.1,,,,,,,,,,,,,,,,,
1150,1150.0,2018-03-18,,,,1.2,,,,,,,,,,,,,,,,,
1151,1151.0,2018-03-19,,,,0.0,,,,,,,,,,,,,,,,,
1152,1152.0,2018-03-20,,,,3.4,,,,,,,,,,,,,,,,,
1153,1153.0,2018-03-21,,,,0.0,,,,,,,,,,,,,,,,,
1154,1154.0,2018-03-22,,,,1.9,,,,,,,,,,,,,,,,,
1155,1155.0,2018-03-23,,,,0.4,,,,,,,,,,,,,,,,,
1156,1156.0,2018-03-24,,,,0.0,,,,,,,,,,,,,,,,,
1157,1157.0,2018-03-26,,,,0.3,,,,,,,,,,,,,,,,,
1158,1158.0,2018-03-27,,,,0.0,,,,,,,,,,,,,,,,,
1159,1159.0,2018-03-28,,,,6.9,,,,,,,,,,,,,,,,,
1160,1160.0,2018-03-29,,,,1.1,,,,,,,,,,,,,,,,,
1161,1161.0,2018-03-30,,,,0.0,,,,,,,,,,,,,,,,,
1162,1162.0,2018-03-31,,,,0.5,,,,,,,,,,,,,,,,,
1163,1163.0,2018-04-01,,,,2.2,,,,,,,,,,,,,,,,,
1164,1164.0,2018-04-02,,,,0.0,,,,,,,,,,,,,,,,,
1165,1165.0,2018-04-03,,,,0.3,,,,,,,,,,,,,,,,,
1166,1166.0,2018-04-04,,,,1.4,,,,,,,,,,,,,,,,,
1167,1167.0,2018-04-05,,,,5.6,,,,,,,,,,,,,,,,,
1168,1168.0,2018-04-06,,,,0.0,,,,,,,,,,,,,,,,,
1169,1169.0,2018-04-07,,,,0.0,,,,,,,,,,,,,,,,,
1170,1170.0,2018-04-08,,,,0.0,,,,,,,,,,,,,,,,,
1171,1171.0,2018-04-09,,,,0.0,,,,,,,,,,,,,,,,,
1172,1172.0,2018-04-10,,,,0.0,,,,,,,,,,,,,,,,,
1173,1173.0,2018-04-11,,,,11.2,,,,,,,,,,,,,,,,,
1174,1174.0,2018-04-12,,,,0.0,,,,,,,,,,,,,,,,,
1175,1175.0,2018-04-13,,,,1.7,,,,,,,,,,,,,,,,,
1176,1176.0,2018-04-14,,,,10.7,,,,,,,,,,,,,,,,,
1177,1177.0,2018-04-15,,,,0.0,,,,,,,,,,,,,,,,,
1178,1178.0,2018-04-16,,,,4.3,,,,,,,,,,,,,,,,,
1179,1179.0,2018-04-17,,,,0.0,,,,,,,,,,,,,,,,,
1180,1180.0,2018-04-18,,,,0.0,,,,,,,,,,,,,,,,,
1181,1181.0,2018-04-19,,,,0.0,,,,,,,,,,,,,,,,,
1182,1182.0,2018-04-20,,,,0.0,,,,,,,,,,,,,,,,,
1183,1183.0,2018-04-21,,,,0.0,,,,,,,,,,,,,,,,,
1184,1184.0,2018-04-22,,,,0.0,,,,,,,,,,,,,,,,,
1185,1185.0,2018-04-23,,,,8.5,,,,,,,,,,,,,,,,,
1186,1186.0,2018-04-24,,,,0.0,,,,,,,,,,,,,,,,,
1187,1187.0,2018-04-25,,,,1.2,,,,,,,,,,,,,,,,,
1188,1188.0,2018-04-26,,,,2.0,,,,,,,,,,,,,,,,,
1189,1189.0,2018-04-27,,,,0.0,,,,,,,,,,,,,,,,,
1190,1190.0,2018-04-28,,,,0.0,,,,,,,,,,,,,,,,,
1191,1191.0,2018-04-29,,,,0.0,,,,,,,,,,,,,,,,,
1192,1192.0,2018-04-30,,,,0.0,,,,,,,,,,,,,,,,,
1193,1193.0,2018-05-01,,,,0.0,,,,,,,,,,,,,,,,,
1194,1194.0,2018-05-02,,,,0.0,,,,,,,,,,,,,,,,,
1195,1195.0,2018-05-03,,,,0.9,,,,,,,,,,,,,,,,,
1196,1196.0,2018-05-04,,,,0.0,,,,,,,,,,,,,,,,,
1197,1197.0,2018-05-05,,,,0.0,,,,,,,,,,,,,,,,,
1198,1198.0,2018-05-06,,,,0.0,,,,,,,,,,,,,,,,,
1199,1199.0,2018-05-07,,,,0.0,,,,,,,,,,,,,,,,,
1200,1200.0,2018-05-08,,,,0.0,,,,,,,,,,,,,,,,,
1201,1201.0,2018-05-09,,,,0.1,,,,,,,,,,,,,,,,,
1202,1202.0,2018-05-10,,,,0.6,,,,,,,,,,,,,,,,,
1203,1203.0,2018-05-11,,,,0.0,,,,,,,,,,,,,,,,,
1204,1204.0,2018-05-12,,,,0.0,,,,,,,,,,,,,,,,,
1205,1205.0,2018-05-13,,,,0.0,,,,,,,,,,,,,,,,,
1206,1206.0,2018-05-14,,,,0.0,,,,,,,,,,,,,,,,,
1207,1207.0,2018-05-15,,,,0.1,,,,,,,,,,,,,,,,,
1208,1208.0,2018-05-16,,,,1.3,,,,,,,,,,,,,,,,,
1209,1209.0,2018-05-17,,,,1.6,,,,,,,,,,,,,,,,,
1210,1210.0,2018-05-18,,,,0.0,,,,,,,,,,,,,,,,,
1211,1211.0,2018-05-19,,,,0.0,,,,,,,,,,,,,,,,,
1212,1212.0,2018-05-20,,,,0.0,,,,,,,,,,,,,,,,,
1213,1213.0,2018-05-21,,,,0.0,,,,,,,,,,,,,,,,,
1214,1214.0,2018-05-22,,,,0.0,,,,,,,,,,,,,,,,,
1215,1215.0,2018-05-23,,,,4.9,,,,,,,,,,,,,,,,,
1216,1216.0,2018-05-24,,,,15.3,,,,,,,,,,,,,,,,,
1217,1217.0,2018-05-25,,,,0.2,,,,,,,,,,,,,,,,,
1218,1218.0,2018-05-26,,,,0.0,,,,,,,,,,,,,,,,,
1219,1219.0,2018-05-27,,,,32.5,,,,,,,,,,,,,,,,,
1220,1220.0,2018-05-28,,,,0.0,,,,,,,,,,,,,,,,,
1221,1221.0,2018-05-29,,,,0.0,,,,,,,,,,,,,,,,,
1222,1222.0,2018-05-30,,,,0.0,,,,,,,,,,,,,,,,,
1223,1223.0,2018-05-31,,,,4.0,,,,,,,,,,,,,,,,,
1224,1224.0,2018-06-01,,,,4.6,,,,,,,,,,,,,,,,,
1225,1225.0,2018-06-02,,,,0.0,,,,,,,,,,,,,,,,,
1226,1226.0,2018-06-03,,,,0.0,,,,,,,,,,,,,,,,,
1227,1227.0,2018-06-04,,,,0.0,,,,,,,,,,,,,,,,,
1228,1228.0,2018-06-05,,,,0.0,,,,,,,,,,,,,,,,,
1229,1229.0,2018-06-06,,,,0.0,,,,,,,,,,,,,,,,,
1230,1230.0,2018-06-07,,,,24.4,,,,,,,,,,,,,,,,,
1231,1231.0,2018-06-08,,,,0.0,,,,,,,,,,,,,,,,,
1232,1232.0,2018-06-09,,,,2.2,,,,,,,,,,,,,,,,,
1233,1233.0,2018-06-10,,,,0.0,,,,,,,,,,,,,,,,,
1234,1234.0,2018-06-11,,,,3.5,,,,,,,,,,,,,,,,,
1235,1235.0,2018-06-12,,,,9.8,,,,,,,,,,,,,,,,,
1236,1236.0,2018-06-13,,,,0.4,,,,,,,,,,,,,,,,,
1237,1237.0,2018-06-14,,,,0.0,,,,,,,,,,,,,,,,,
1238,1238.0,2018-06-15,,,,0.0,,,,,,,,,,,,,,,,,
1239,1239.0,2018-06-16,,,,0.0,,,,,,,,,,,,,,,,,
1240,1240.0,2018-06-17,,,,0.0,,,,,,,,,,,,,,,,,
1241,1241.0,2018-06-18,,,,0.0,,,,,,,,,,,,,,,,,
1242,1242.0,2018-06-19,,,,0.0,,,,,,,,,,,,,,,,,
1243,1243.0,2018-06-20,,,,0.0,,,,,,,,,,,,,,,,,
1244,1244.0,2018-06-21,,,,0.5,,,,,,,,,,,,,,,,,
1245,1245.0,2018-06-22,,,,7.7,,,,,,,,,,,,,,,,,
1246,1246.0,2018-06-23,,,,2.5,,,,,,,,,,,,,,,,,
1247,1247.0,2018-06-24,,,,0.1,,,,,,,,,,,,,,,,,
1248,1248.0,2018-06-25,,,,0.5,,,,,,,,,,,,,,,,,
1249,1249.0,2018-06-26,,,,0.0,,,,,,,,,,,,,,,,,
1250,1250.0,2018-06-27,,,,0.0,,,,,,,,,,,,,,,,,
1251,1251.0,2018-06-28,,,,0.5,,,,,,,,,,,,,,,,,
1252,1252.0,2018-06-29,,,,0.0,,,,,,,,,,,,,,,,,
1253,1253.0,2018-06-30,,,,0.0,,,,,,,,,,,,,,,,,
1254,1254.0,2018-07-01,,,,0.0,,,,,,,,,,,,,,,,,
1255,1255.0,2018-07-02,,,,0.0,,,,,,,,,,,,,,,,,
1256,1256.0,2018-07-03,,,,0.0,,,,,,,,,,,,,,,,,
1257,1257.0,2018-07-04,,,,0.0,,,,,,,,,,,,,,,,,
1258,1258.0,2018-07-05,,,,0.0,,,,,,,,,,,,,,,,,
1259,1259.0,2018-07-06,,,,0.2,,,,,,,,,,,,,,,,,
1260,1260.0,2018-07-07,,,,0.0,,,,,,,,,,,,,,,,,
1261,1261.0,2018-07-08,,,,0.0,,,,,,,,,,,,,,,,,
1262,1262.0,2018-07-09,,,,0.0,,,,,,,,,,,,,,,,,
1263,1263.0,2018-07-10,,,,4.2,,,,,,,,,,,,,,,,,
1264,1264.0,2018-07-11,,,,8.5,,,,,,,,,,,,,,,,,
1265,1265.0,2018-07-12,,,,0.6,,,,,,,,,,,,,,,,,
1266,1266.0,2018-07-13,,,,1.1,,,,,,,,,,,,,,,,,
1267,1267.0,2018-07-14,,,,0.0,,,,,,,,,,,,,,,,,
1268,1268.0,2018-07-15,,,,4.3,,,,,,,,,,,,,,,,,
1269,1269.0,2018-07-16,,,,3.3,,,,,,,,,,,,,,,,,
1270,1270.0,2018-07-17,,,,0.5,,,,,,,,,,,,,,,,,
1271,1271.0,2018-07-18,,,,0.0,,,,,,,,,,,,,,,,,
1272,1272.0,2018-07-19,,,,0.0,,,,,,,,,,,,,,,,,
1273,1273.0,2018-07-20,,,,0.0,,,,,,,,,,,,,,,,,
1274,1274.0,2018-07-21,,,,4.3,,,,,,,,,,,,,,,,,
1275,1275.0,2018-07-22,,,,2.9,,,,,,,,,,,,,,,,,
1276,1276.0,2018-07-23,,,,0.0,,,,,,,,,,,,,,,,,
1277,1277.0,2018-07-24,,,,0.0,,,,,,,,,,,,,,,,,
1278,1278.0,2018-07-25,,,,0.0,,,,,,,,,,,,,,,,,
1279,1279.0,2018-07-26,,,,0.0,,,,,,,,,,,,,,,,,
1280,1280.0,2018-07-27,,,,1.1,,,,,,,,,,,,,,,,,
1281,1281.0,2018-07-28,,,,2.1,,,,,,,,,,,,,,,,,
1282,1282.0,2018-07-29,,,,0.0,,,,,,,,,,,,,,,,,
1283,1283.0,2018-07-30,,,,0.0,,,,,,,,,,,,,,,,,
1284,1284.0,2018-07-31,,,,0.0,,,,,,,,,,,,,,,,,
1285,1285.0,2018-08-01,,,,0.0,,,,,,,,,,,,,,,,,
1286,1286.0,2018-08-02,,,,0.0,,,,,,,,,,,,,,,,,
1287,1287.0,2018-08-03,,,,0.0,,,,,,,,,,,,,,,,,
1288,1288.0,2018-08-04,,,,3.4,,,,,,,,,,,,,,,,,
1289,1289.0,2018-08-05,,,,7.9,,,,,,,,,,,,,,,,,
1290,1290.0,2018-08-06,,,,0.0,,,,,,,,,,,,,,,,,
1291,1291.0,2018-08-07,,,,0.0,,,,,,,,,,,,,,,,,
1292,1292.0,2018-08-08,,,,0.0,,,,,,,,,,,,,,,,,
1293,1293.0,2018-08-09,,,,0.4,,,,,,,,,,,,,,,,,
1294,1294.0,2018-08-10,,,,0.0,,,,,,,,,,,,,,,,,
1295,1295.0,2018-08-11,,,,0.0,,,,,,,,,,,,,,,,,
1296,1296.0,2018-08-12,,,,0.0,,,,,,,,,,,,,,,,,
1297,1297.0,2018-08-13,,,,0.3,,,,,,,,,,,,,,,,,
1298,1298.0,2018-08-14,,,,0.1,,,,,,,,,,,,,,,,,
1299,1299.0,2018-08-15,,,,0.0,,,,,,,,,,,,,,,,,
1300,1300.0,2018-08-16,,,,0.0,,,,,,,,,,,,,,,,,
1301,1301.0,2018-08-17,,,,0.0,,,,,,,,,,,,,,,,,
1302,1302.0,2018-08-18,,,,1.3,,,,,,,,,,,,,,,,,
1303,1303.0,2018-08-19,,,,0.0,,,,,,,,,,,,,,,,,
1304,1304.0,2018-08-20,,,,0.0,,,,,,,,,,,,,,,,,
1305,1305.0,2018-08-21,,,,0.0,,,,,,,,,,,,,,,,,
1306,1306.0,2018-08-22,,,,0.0,,,,,,,,,,,,,,,,,
1307,1307.0,2018-08-23,,,,0.0,,,,,,,,,,,,,,,,,
1308,1308.0,2018-08-24,,,,0.1,,,,,,,,,,,,,,,,,
1309,1309.0,2018-08-25,,,,6.6,,,,,,,,,,,,,,,,,
1310,1310.0,2018-08-26,,,,0.0,,,,,,,,,,,,,,,,,
1311,1311.0,2018-08-27,,,,0.0,,,,,,,,,,,,,,,,,
1312,1312.0,2018-08-28,,,,0.0,,,,,,,,,,,,,,,,,
1313,1313.0,2018-08-29,,,,0.0,,,,,,,,,,,,,,,,,
1314,1314.0,2018-08-30,,,,4.0,,,,,,,,,,,,,,,,,
1315,1315.0,2018-08-31,,,,0.0,,,,,,,,,,,,,,,,,
1316,1316.0,2018-09-01,,,,0.0,,,,,,,,,,,,,,,,,
1317,1317.0,2018-09-02,,,,3.0,,,,,,,,,,,,,,,,,
1318,1318.0,2018-09-03,,,,7.2,,,,,,,,,,,,,,,,,
1319,1319.0,2018-09-04,,,,0.0,,,,,,,,,,,,,,,,,
1320,1320.0,2018-09-05,,,,0.0,,,,,,,,,,,,,,,,,
1321,1321.0,2018-09-06,,,,2.0,,,,,,,,,,,,,,,,,
1322,1322.0,2018-09-07,,,,9.6,,,,,,,,,,,,,,,,,
1323,1323.0,2018-09-08,,,,0.0,,,,,,,,,,,,,,,,,
1324,1324.0,2018-09-09,,,,0.0,,,,,,,,,,,,,,,,,
1325,1325.0,2018-09-10,,,,0.0,,,,,,,,,,,,,,,,,
1326,1326.0,2018-09-11,,,,0.0,,,,,,,,,,,,,,,,,
1327,1327.0,2018-09-12,,,,0.0,,,,,,,,,,,,,,,,,
1328,1328.0,2018-09-13,,,,0.1,,,,,,,,,,,,,,,,,
1329,1329.0,2018-09-14,,,,0.0,,,,,,,,,,,,,,,,,
1330,1330.0,2018-09-15,,,,0.0,,,,,,,,,,,,,,,,,
1331,1331.0,2018-09-16,,,,0.0,,,,,,,,,,,,,,,,,
1332,1332.0,2018-09-17,,,,0.0,,,,,,,,,,,,,,,,,
1333,1333.0,2018-09-18,,,,0.0,,,,,,,,,,,,,,,,,
1334,1334.0,2018-09-19,,,,0.0,,,,,,,,,,,,,,,,,
1335,1335.0,2018-09-20,,,,0.0,,,,,,,,,,,,,,,,,
1336,1336.0,2018-09-21,,,,1.9,,,,,,,,,,,,,,,,,
1337,1337.0,2018-09-22,,,,0.2,,,,,,,,,,,,,,,,,
1338,1338.0,2018-09-23,,,,20.1,,,,,,,,,,,,,,,,,
1339,1339.0,2018-09-24,,,,1.2,,,,,,,,,,,,,,,,,
1340,1340.0,2018-09-25,,,,0.2,,,,,,,,,,,,,,,,,
1341,1341.0,2018-09-26,,,,0.0,,,,,,,,,,,,,,,,,
1342,1342.0,2018-09-27,,,,0.0,,,,,,,,,,,,,,,,,
1343,1343.0,2018-09-28,,,,0.0,,,,,,,,,,,,,,,,,
1344,1344.0,2018-09-29,,,,0.0,,,,,,,,,,,,,,,,,
1345,1345.0,2018-09-30,,,,0.0,,,,,,,,,,,,,,,,,
1346,1346.0,2018-10-01,,,,0.4,,,,,,,,,,,,,,,,,
1347,1347.0,2018-10-02,,,,2.4,,,,,,,,,,,,,,,,,
1348,1348.0,2018-10-03,,,,0.5,,,,,,,,,,,,,,,,,
1349,1349.0,2018-10-04,,,,0.0,,,,,,,,,,,,,,,,,
1350,1350.0,2018-10-05,,,,0.0,,,,,,,,,,,,,,,,,
1351,1351.0,2018-10-06,,,,0.0,,,,,,,,,,,,,,,,,
1352,1352.0,2018-10-07,,,,0.0,,,,,,,,,,,,,,,,,
1353,1353.0,2018-10-08,,,,0.0,,,,,,,,,,,,,,,,,
1354,1354.0,2018-10-09,,,,0.0,,,,,,,,,,,,,,,,,
1355,1355.0,2018-10-10,,,,0.0,,,,,,,,,,,,,,,,,
1356,1356.0,2018-10-11,,,,0.0,,,,,,,,,,,,,,,,,
1357,1357.0,2018-10-12,,,,0.0,,,,,,,,,,,,,,,,,
1358,1358.0,2018-10-13,,,,0.0,,,,,,,,,,,,,,,,,
1359,1359.0,2018-10-14,,,,0.0,,,,,,,,,,,,,,,,,
1360,1360.0,2018-10-15,,,,0.0,,,,,,,,,,,,,,,,,
1361,1361.0,2018-10-16,,,,0.0,,,,,,,,,,,,,,,,,
1362,1362.0,2018-10-17,,,,0.0,,,,,,,,,,,,,,,,,
1363,1363.0,2018-10-18,,,,0.0,,,,,,,,,,,,,,,,,
1364,1364.0,2018-10-19,,,,0.0,,,,,,,,,,,,,,,,,
1365,1365.0,2018-10-20,,,,0.0,,,,,,,,,,,,,,,,,
1366,1366.0,2018-10-21,,,,0.0,,,,,,,,,,,,,,,,,
1367,1367.0,2018-10-22,,,,1.2,,,,,,,,,,,,,,,,,
1368,1368.0,2018-10-23,,,,0.4,,,,,,,,,,,,,,,,,
1369,1369.0,2018-10-24,,,,13.6,,,,,,,,,,,,,,,,,
1370,1370.0,2018-10-25,,,,0.5,,,,,,,,,,,,,,,,,
1371,1371.0,2018-10-26,,,,0.0,,,,,,,,,,,,,,,,,
1372,1372.0,2018-10-27,,,,2.3,,,,,,,,,,,,,,,,,
1373,1373.0,2018-10-28,,,,4.7,,,,,,,,,,,,,,,,,
1374,1374.0,2018-10-29,,,,0.2,,,,,,,,,,,,,,,,,
1375,1375.0,2018-10-30,,,,3.7,,,,,,,,,,,,,,,,,
1376,1376.0,2018-10-31,,,,0.0,,,,,,,,,,,,,,,,,
1377,1377.0,2018-11-01,,,,0.0,,,,,,,,,,,,,,,,,
1378,1378.0,2018-11-02,,,,0.0,,,,,,,,,,,,,,,,,
1379,1379.0,2018-11-03,,,,0.0,,,,,,,,,,,,,,,,,
1380,1380.0,2018-11-04,,,,0.0,,,,,,,,,,,,,,,,,
1381,1381.0,2018-11-05,,,,0.0,,,,,,,,,,,,,,,,,
1382,1382.0,2018-11-06,,,,0.0,,,,,,,,,,,,,,,,,
1383,1383.0,2018-11-07,,,,0.0,,,,,,,,,,,,,,,,,
1384,1384.0,2018-11-08,,,,0.0,,,,,,,,,,,,,,,,,
1385,1385.0,2018-11-09,,,,0.0,,,,,,,,,,,,,,,,,
1386,1386.0,2018-11-10,,,,0.0,,,,,,,,,,,,,,,,,
1387,1387.0,2018-11-11,,,,1.4,,,,,,,,,,,,,,,,,
1388,1388.0,2018-11-12,,,,0.0,,,,,,,,,,,,,,,,,
1389,1389.0,2018-11-13,,,,2.5,,,,,,,,,,,,,,,,,
1390,1390.0,2018-11-14,,,,0.0,,,,,,,,,,,,,,,,,
1391,1391.0,2018-11-15,,,,0.0,,,,,,,,,,,,,,,,,
1392,1392.0,2018-11-16,,,,0.0,,,,,,,,,,,,,,,,,
1393,1393.0,2018-11-17,,,,0.0,,,,,,,,,,,,,,,,,
1394,1394.0,2018-11-18,,,,0.0,,,,,,,,,,,,,,,,,
1395,1395.0,2018-11-19,,,,1.9,,,,,,,,,,,,,,,,,
1396,1396.0,2018-11-20,,,,2.0,,,,,,,,,,,,,,,,,
1397,1397.0,2018-11-21,,,,0.2,,,,,,,,,,,,,,,,,
1398,1398.0,2018-11-22,,,,0.5,,,,,,,,,,,,,,,,,
1399,1399.0,2018-11-23,,,,0.0,,,,,,,,,,,,,,,,,
1400,1400.0,2018-11-24,,,,0.7,,,,,,,,,,,,,,,,,
1401,1401.0,2018-11-25,,,,0.2,,,,,,,,,,,,,,,,,
1402,1402.0,2018-11-26,,,,0.4,,,,,,,,,,,,,,,,,
1403,1403.0,2018-11-27,,,,0.1,,,,,,,,,,,,,,,,,
1404,1404.0,2018-11-28,,,,0.0,,,,,,,,,,,,,,,,,
1405,1405.0,2018-11-29,,,,0.0,,,,,,,,,,,,,,,,,
1406,1406.0,2018-11-30,,,,5.1,,,,,,,,,,,,,,,,,
1407,1407.0,2018-12-01,,,,0.0,,,,,,,,,,,,,,,,,
1408,1408.0,2018-12-02,,,,11.9,,,,,,,,,,,,,,,,,
1409,1409.0,2018-12-03,,,,17.4,,,,,,,,,,,,,,,,,
1410,1410.0,2018-12-04,,,,8.6,,,,,,,,,,,,,,,,,
1411,1411.0,2018-12-05,,,,0.0,,,,,,,,,,,,,,,,,
1412,1412.0,2018-12-06,,,,0.7,,,,,,,,,,,,,,,,,
1413,1413.0,2018-12-07,,,,9.2,,,,,,,,,,,,,,,,,
1414,1414.0,2018-12-08,,,,17.0,,,,,,,,,,,,,,,,,
1415,1415.0,2018-12-09,,,,21.9,,,,,,,,,,,,,,,,,
1416,1416.0,2018-12-10,,,,1.6,,,,,,,,,,,,,,,,,
1417,1417.0,2018-12-11,,,,2.1,,,,,,,,,,,,,,,,,
1418,1418.0,2018-12-12,,,,1.6,,,,,,,,,,,,,,,,,
1419,1419.0,2018-12-13,,,,0.0,,,,,,,,,,,,,,,,,
1420,1420.0,2018-12-14,,,,0.0,,,,,,,,,,,,,,,,,
1421,1421.0,2018-12-15,,,,0.0,,,,,,,,,,,,,,,,,
1422,1422.0,2018-12-16,,,,0.5,,,,,,,,,,,,,,,,,
1423,1423.0,2018-12-17,,,,0.3,,,,,,,,,,,,,,,,,
1424,1424.0,2018-12-18,,,,0.2,,,,,,,,,,,,,,,,,
1425,1425.0,2018-12-19,,,,0.9,,,,,,,,,,,,,,,,,
1426,1426.0,2018-12-20,,,,5.5,,,,,,,,,,,,,,,,,
1427,1427.0,2018-12-21,,,,27.6,,,,,,,,,,,,,,,,,
1428,1428.0,2018-12-22,,,,7.3,,,,,,,,,,,,,,,,,
1429,1429.0,2018-12-23,,,,6.7,,,,,,,,,,,,,,,,,
1430,1430.0,2018-12-24,,,,5.5,,,,,,,,,,,,,,,,,
1431,1431.0,2018-12-25,,,,0.7,,,,,,,,,,,,,,,,,
1432,1432.0,2018-12-26,,,,0.2,,,,,,,,,,,,,,,,,
1433,1433.0,2018-12-27,,,,0.0,,,,,,,,,,,,,,,,,
1434,1434.0,2018-12-28,,,,0.0,,,,,,,,,,,,,,,,,
1435,1435.0,2018-12-29,,,,2.7,,,,,,,,,,,,,,,,,
1436,1436.0,2018-12-30,,,,3.5,,,,,,,,,,,,,,,,,
1437,1437.0,2018-12-31,,,,1.8,,,,,,,,,,,,,,,,,
1438,1438.0,2019-01-01,,,,3.6,,,,,,,,,,,,,,,,,
1439,1439.0,2019-01-02,,,,3.0,,,,,,,,,,,,,,,,,
1440,1440.0,2019-01-03,,,,0.0,,,,,,,,,,,,,,,,,
1441,1441.0,2019-01-04,,,,1.6,,,,,,,,,,,,,,,,,
1442,1442.0,2019-01-05,,,,16.3,,,,,,,,,,,,,,,,,
1443,1443.0,2019-01-06,,,,4.7,,,,,,,,,,,,,,,,,
1444,1444.0,2019-01-07,,,,4.6,,,,,,,,,,,,,,,,,
1445,1445.0,2019-01-08,,,,13.6,,,,,,,,,,,,,,,,,
1446,1446.0,2019-01-09,,,,10.5,,,,,,,,,,,,,,,,,
1447,1447.0,2019-01-10,,,,3.0,,,,,,,,,,,,,,,,,
1448,1448.0,2019-01-11,,,,4.9,,,,,,,,,,,,,,,,,
1449,1449.0,2019-01-12,,,,5.0,,,,,,,,,,,,,,,,,
1450,1450.0,2019-01-13,,,,11.6,,,,,,,,,,,,,,,,,
1451,1451.0,2019-01-14,,,,1.5,,,,,,,,,,,,,,,,,
1452,1452.0,2019-01-15,,,,0.7,,,,,,,,,,,,,,,,,
1453,1453.0,2019-01-16,,,,1.1,,,,,,,,,,,,,,,,,
1454,1454.0,2019-01-17,,,,10.9,,,,,,,,,,,,,,,,,
1455,1455.0,2019-01-18,,,,2.5,,,,,,,,,,,,,,,,,
1456,1456.0,2019-01-19,,,,0.1,,,,,,,,,,,,,,,,,
1457,1457.0,2019-01-20,,,,0.1,,,,,,,,,,,,,,,,,
1458,1458.0,2019-01-21,,,,0.0,,,,,,,,,,,,,,,,,
1459,1459.0,2019-01-22,,,,0.1,,,,,,,,,,,,,,,,,
1460,1460.0,2019-01-23,,,,0.0,,,,,,,,,,,,,,,,,
1461,1461.0,2019-01-24,,,,0.1,,,,,,,,,,,,,,,,,
1462,1462.0,2019-01-25,,,,0.1,,,,,,,,,,,,,,,,,
1463,1463.0,2019-01-26,,,,7.6,,,,,,,,,,,,,,,,,
1464,1464.0,2019-01-27,,,,9.0,,,,,,,,,,,,,,,,,
1465,1465.0,2019-01-28,,,,8.9,,,,,,,,,,,,,,,,,
1466,1466.0,2019-01-29,,,,1.7,,,,,,,,,,,,,,,,,
1467,1467.0,2019-01-30,,,,0.0,,,,,,,,,,,,,,,,,
1468,1468.0,2019-01-31,,,,0.0,,,,,,,,,,,,,,,,,
1469,1469.0,2019-02-01,,,,1.2,,,,,,,,,,,,,,,,,
1470,1470.0,2019-02-02,,,,4.3,,,,,,,,,,,,,,,,,
1471,1471.0,2019-02-03,,,,2.0,,,,,,,,,,,,,,,,,
1472,1472.0,2019-02-04,,,,0.0,,,,,,,,,,,,,,,,,
1473,1473.0,2019-02-05,,,,0.0,,,,,,,,,,,,,,,,,
1474,1474.0,2019-02-06,,,,0.0,,,,,,,,,,,,,,,,,
1475,1475.0,2019-02-07,,,,0.9,,,,,,,,,,,,,,,,,
1476,1476.0,2019-02-08,,,,0.0,,,,,,,,,,,,,,,,,
1477,1477.0,2019-02-09,,,,3.6,,,,,,,,,,,,,,,,,
1478,1478.0,2019-02-10,,,,16.6,,,,,,,,,,,,,,,,,
1479,1479.0,2019-02-11,,,,8.0,,,,,,,,,,,,,,,,,
1480,1480.0,2019-02-12,,,,2.0,,,,,,,,,,,,,,,,,
1481,1481.0,2019-02-13,,,,0.0,,,,,,,,,,,,,,,,,
1482,1482.0,2019-02-14,,,,0.0,,,,,,,,,,,,,,,,,
1483,1483.0,2019-02-15,,,,0.0,,,,,,,,,,,,,,,,,
1484,1484.0,2019-02-16,,,,0.0,,,,,,,,,,,,,,,,,
1485,1485.0,2019-02-17,,,,0.0,,,,,,,,,,,,,,,,,
1486,1486.0,2019-02-18,,,,0.0,,,,,,,,,,,,,,,,,
1487,1487.0,2019-02-19,,,,0.2,,,,,,,,,,,,,,,,,
1488,1488.0,2019-02-20,,,,0.0,,,,,,,,,,,,,,,,,
1489,1489.0,2019-02-21,,,,0.0,,,,,,,,,,,,,,,,,
1490,1490.0,2019-02-22,,,,1.6,,,,,,,,,,,,,,,,,
1491,1491.0,2019-02-23,,,,0.0,,,,,,,,,,,,,,,,,
1492,1492.0,2019-02-24,,,,0.0,,,,,,,,,,,,,,,,,
1493,1493.0,2019-02-25,,,,0.0,,,,,,,,,,,,,,,,,
1494,1494.0,2019-02-26,,,,0.0,,,,,,,,,,,,,,,,,
1495,1495.0,2019-02-27,,,,0.0,,,,,,,,,,,,,,,,,
1496,1496.0,2019-02-28,,,,0.0,,,,,,,,,,,,,,,,,
1497,1497.0,2019-03-01,,,,4.1,,,,,,,,,,,,,,,,,
1498,1498.0,2019-03-02,,,,0.6,,,,,,,,,,,,,,,,,
1499,1499.0,2019-03-03,,,,1.3,,,,,,,,,,,,,,,,,
1500,1500.0,2019-03-04,,,,2.9,,,,,,,,,,,,,,,,,
1501,1501.0,2019-03-05,,,,8.8,,,,,,,,,,,,,,,,,
1502,1502.0,2019-03-06,,,,0.0,,,,,,,,,,,,,,,,,
1503,1503.0,2019-03-07,,,,1.0,,,,,,,,,,,,,,,,,
1504,1504.0,2019-03-08,,,,3.2,,,,,,,,,,,,,,,,,
1505,1505.0,2019-03-09,,,,18.0,,,,,,,,,,,,,,,,,
1506,1506.0,2019-03-10,,,,13.6,,,,,,,,,,,,,,,,,
1507,1507.0,2019-03-11,,,,5.5,,,,,,,,,,,,,,,,,
1508,1508.0,2019-03-12,,,,0.5,,,,,,,,,,,,,,,,,
1509,1509.0,2019-03-13,,,,7.0,,,,,,,,,,,,,,,,,
1510,1510.0,2019-03-14,,,,23.7,,,,,,,,,,,,,,,,,
1511,1511.0,2019-03-15,,,,23.7,,,,,,,,,,,,,,,,,
1512,1512.0,2019-03-16,,,,7.7,,,,,,,,,,,,,,,,,
1513,1513.0,2019-03-17,,,,2.2,,,,,,,,,,,,,,,,,
1514,1514.0,2019-03-18,,,,1.3,,,,,,,,,,,,,,,,,
1515,1515.0,2019-03-19,,,,0.0,,,,,,,,,,,,,,,,,
1516,1516.0,2019-03-20,,,,0.0,,,,,,,,,,,,,,,,,
1517,1517.0,2019-03-21,,,,0.0,,,,,,,,,,,,,,,,,
1518,1518.0,2019-03-22,,,,0.0,,,,,,,,,,,,,,,,,
1519,1519.0,2019-03-23,,,,0.0,,,,,,,,,,,,,,,,,
1520,1520.0,2019-03-24,,,,0.0,,,,,,,,,,,,,,,,,
1521,1521.0,2019-03-25,,,,2.5,,,,,,,,,,,,,,,,,
1522,1522.0,2019-03-26,,,,0.1,,,,,,,,,,,,,,,,,
1523,1523.0,2019-03-27,,,,1.1,,,,,,,,,,,,,,,,,
1524,1524.0,2019-03-28,,,,0.2,,,,,,,,,,,,,,,,,
1525,1525.0,2019-03-29,,,,0.4,,,,,,,,,,,,,,,,,
1526,1526.0,2019-03-30,,,,0.0,,,,,,,,,,,,,,,,,
1527,1527.0,2019-04-01,,,,0.0,,,,,,,,,,,,,,,,,
1528,1528.0,2019-04-02,,,,0.7,,,,,,,,,,,,,,,,,
1529,1529.0,2019-04-03,,,,0.6,,,,,,,,,,,,,,,,,
1530,1530.0,2019-04-04,,,,0.0,,,,,,,,,,,,,,,,,
1531,1531.0,2019-04-05,,,,0.1,,,,,,,,,,,,,,,,,
1532,1532.0,2019-04-06,,,,0.0,,,,,,,,,,,,,,,,,
1533,1533.0,2019-04-07,,,,0.0,,,,,,,,,,,,,,,,,
1534,1534.0,2019-04-08,,,,0.0,,,,,,,,,,,,,,,,,
1535,1535.0,2019-04-09,,,,0.0,,,,,,,,,,,,,,,,,
1536,1536.0,2019-04-10,,,,0.0,,,,,,,,,,,,,,,,,
1537,1537.0,2019-04-11,,,,0.0,,,,,,,,,,,,,,,,,
1538,1538.0,2019-04-12,,,,0.0,,,,,,,,,,,,,,,,,
1539,1539.0,2019-04-13,,,,0.0,,,,,,,,,,,,,,,,,
1540,1540.0,2019-04-14,,,,0.6,,,,,,,,,,,,,,,,,
1541,1541.0,2019-04-15,,,,0.0,,,,,,,,,,,,,,,,,
1542,1542.0,2019-04-16,,,,0.0,,,,,,,,,,,,,,,,,
1543,1543.0,2019-04-17,,,,0.0,,,,,,,,,,,,,,,,,
1544,1544.0,2019-04-18,,,,0.0,,,,,,,,,,,,,,,,,
1545,1545.0,2019-04-19,,,,0.0,,,,,,,,,,,,,,,,,
1546,1546.0,2019-04-20,,,,0.0,,,,,,,,,,,,,,,,,
1547,1547.0,2019-04-21,,,,0.0,,,,,,,,,,,,,,,,,
1548,1548.0,2019-04-22,,,,0.0,,,,,,,,,,,,,,,,,
1549,1549.0,2019-04-23,,,,0.0,,,,,,,,,,,,,,,,,
1550,1550.0,2019-04-24,,,,0.0,,,,,,,,,,,,,,,,,
1551,1551.0,2019-04-25,,,,0.0,,,,,,,,,,,,,,,,,
1552,1552.0,2019-04-26,,,,11.7,,,,,,,,,,,,,,,,,
1553,1553.0,2019-04-27,,,,8.2,,,,,,,,,,,,,,,,,
1554,1554.0,2019-04-28,,,,3.6,,,,,,,,,,,,,,,,,
1555,1555.0,2019-04-29,,,,7.4,,,,,,,,,,,,,,,,,
1556,1556.0,2019-04-30,,,,0.5,,,,,,,,,,,,,,,,,
1557,1557.0,2019-05-01,,,,0.0,,,,,,,,,,,,,,,,,
1558,1558.0,2019-05-02,,,,0.0,,,,,,,,,,,,,,,,,
1559,1559.0,2019-05-03,,,,0.0,,,,,,,,,,,,,,,,,
1560,1560.0,2019-05-04,,,,11.2,,,,,,,,,,,,,,,,,
1561,1561.0,2019-05-05,,,,0.1,,,,,,,,,,,,,,,,,
1562,1562.0,2019-05-06,,,,0.0,,,,,,,,,,,,,,,,,
1563,1563.0,2019-05-07,,,,0.0,,,,,,,,,,,,,,,,,
1564,1564.0,2019-05-08,,,,3.0,,,,,,,,,,,,,,,,,
1565,1565.0,2019-05-09,,,,4.8,,,,,,,,,,,,,,,,,
1566,1566.0,2019-05-10,,,,0.2,,,,,,,,,,,,,,,,,
1567,1567.0,2019-05-11,,,,18.6,,,,,,,,,,,,,,,,,
1568,1568.0,2019-05-12,,,,1.4,,,,,,,,,,,,,,,,,
1569,1569.0,2019-05-13,,,,0.0,,,,,,,,,,,,,,,,,
1570,1570.0,2019-05-14,,,,0.3,,,,,,,,,,,,,,,,,
1571,1571.0,2019-05-15,,,,0.0,,,,,,,,,,,,,,,,,
1572,1572.0,2019-05-16,,,,2.9,,,,,,,,,,,,,,,,,
1573,1573.0,2019-05-17,,,,0.0,,,,,,,,,,,,,,,,,
1574,1574.0,2019-05-18,,,,0.0,,,,,,,,,,,,,,,,,
1575,1575.0,2019-05-19,,,,2.4,,,,,,,,,,,,,,,,,
1576,1576.0,2019-05-20,,,,7.1,,,,,,,,,,,,,,,,,
1577,1577.0,2019-05-21,,,,17.8,,,,,,,,,,,,,,,,,
1578,1578.0,2019-05-22,,,,0.0,,,,,,,,,,,,,,,,,
1579,1579.0,2019-05-23,,,,0.0,,,,,,,,,,,,,,,,,
1580,1580.0,2019-05-24,,,,0.0,,,,,,,,,,,,,,,,,
1581,1581.0,2019-05-25,,,,9.4,,,,,,,,,,,,,,,,,
1582,1582.0,2019-05-26,,,,0.0,,,,,,,,,,,,,,,,,
1583,1583.0,2019-05-27,,,,0.0,,,,,,,,,,,,,,,,,
1584,1584.0,2019-05-30,,,,0.0,,,,,,,,,,,,,,,,,
1585,1585.0,2019-05-31,,,,0.0,,,,,,,,,,,,,,,,,
1586,1586.0,2019-06-01,,,,0.0,,,,,,,,,,,,,,,,,
1587,1587.0,2019-06-02,,,,0.0,,,,,,,,,,,,,,,,,
1588,1588.0,2019-06-03,,,,0.0,,,,,,,,,,,,,,,,,
1589,1589.0,2019-06-04,,,,0.0,,,,,,,,,,,,,,,,,
1590,1590.0,2019-06-05,,,,0.0,,,,,,,,,,,,,,,,,
1591,1591.0,2019-06-06,,,,1.5,,,,,,,,,,,,,,,,,
1592,1592.0,2019-06-07,,,,2.7,,,,,,,,,,,,,,,,,
1593,1593.0,2019-06-08,,,,0.0,,,,,,,,,,,,,,,,,
1594,1594.0,2019-06-09,,,,0.6,,,,,,,,,,,,,,,,,
1595,1595.0,2019-06-10,,,,3.9,,,,,,,,,,,,,,,,,
1596,1596.0,2019-06-11,,,,2.6,,,,,,,,,,,,,,,,,
1597,1597.0,2019-06-12,,,,1.1,,,,,,,,,,,,,,,,,
1598,1598.0,2019-06-13,,,,1.6,,,,,,,,,,,,,,,,,
1599,1599.0,2019-06-14,,,,0.0,,,,,,,,,,,,,,,,,
1600,1600.0,2019-06-15,,,,0.0,,,,,,,,,,,,,,,,,
1601,1601.0,2019-06-16,,,,2.2,,,,,,,,,,,,,,,,,
1602,1602.0,2019-06-17,,,,0.0,,,,,,,,,,,,,,,,,
1603,1603.0,2019-06-18,,,,0.0,,,,,,,,,,,,,,,,,
1604,1604.0,2019-06-19,,,,0.0,,,,,,,,,,,,,,,,,
1605,1605.0,2019-06-20,,,,2.4,,,,,,,,,,,,,,,,,
1606,1606.0,2019-06-21,,,,0.0,,,,,,,,,,,,,,,,,
1607,1607.0,2019-06-22,,,,0.0,,,,,,,,,,,,,,,,,
1608,1608.0,2019-06-23,,,,1.0,,,,,,,,,,,,,,,,,
1609,1609.0,2019-06-24,,,,0.0,,,,,,,,,,,,,,,,,
1610,1610.0,2019-06-25,,,,0.0,,,,,,,,,,,,,,,,,
1611,1611.0,2019-06-26,,,,0.0,,,,,,,,,,,,,,,,,
1612,1612.0,2019-06-27,,,,0.0,,,,,,,,,,,,,,,,,
1613,1613.0,2019-06-28,,,,0.0,,,,,,,,,,,,,,,,,
1614,1614.0,2019-06-29,,,,0.0,,,,,,,,,,,,,,,,,
1615,1615.0,2019-06-30,,,,0.0,,,,,,,,,,,,,,,,,
1616,1616.0,2019-07-01,,,,0.0,,,,,,,,,,,,,,,,,
1617,1617.0,2019-07-02,,,,0.0,,,,,,,,,,,,,,,,,
1618,1618.0,2019-07-03,,,,0.0,,,,,,,,,,,,,,,,,
1619,1619.0,2019-07-04,,,,0.0,,,,,,,,,,,,,,,,,
1620,1620.0,2019-07-05,,,,0.0,,,,,,,,,,,,,,,,,
1621,1621.0,2019-07-06,,,,0.0,,,,,,,,,,,,,,,,,
1622,1622.0,2019-07-07,,,,1.2,,,,,,,,,,,,,,,,,
1623,1623.0,2019-07-08,,,,0.0,,,,,,,,,,,,,,,,,
1624,1624.0,2019-07-09,,,,0.0,,,,,,,,,,,,,,,,,
1625,1625.0,2019-07-10,,,,0.0,,,,,,,,,,,,,,,,,
1626,1626.0,2019-07-11,,,,3.7,,,,,,,,,,,,,,,,,
1627,1627.0,2019-07-12,,,,10.6,,,,,,,,,,,,,,,,,
1628,1628.0,2019-07-13,,,,3.4,,,,,,,,,,,,,,,,,
1629,1629.0,2019-07-14,,,,1.9,,,,,,,,,,,,,,,,,
1630,1630.0,2019-07-15,,,,0.0,,,,,,,,,,,,,,,,,
1631,1631.0,2019-07-16,,,,0.0,,,,,,,,,,,,,,,,,
1632,1632.0,2019-07-17,,,,0.0,,,,,,,,,,,,,,,,,
1633,1633.0,2019-07-18,,,,0.0,,,,,,,,,,,,,,,,,
1634,1634.0,2019-07-19,,,,6.8,,,,,,,,,,,,,,,,,
1635,1635.0,2019-07-20,,,,0.0,,,,,,,,,,,,,,,,,
1636,1636.0,2019-07-21,,,,0.1,,,,,,,,,,,,,,,,,
1637,1637.0,2019-07-22,,,,0.0,,,,,,,,,,,,,,,,,
1638,1638.0,2019-07-23,,,,0.0,,,,,,,,,,,,,,,,,
1639,1639.0,2019-07-24,,,,0.0,,,,,,,,,,,,,,,,,
1640,1640.0,2019-07-25,,,,0.0,,,,,,,,,,,,,,,,,
1641,1641.0,2019-07-26,,,,0.0,,,,,,,,,,,,,,,,,
1642,1642.0,2019-07-27,,,,9.5,,,,,,,,,,,,,,,,,
1643,1643.0,2019-07-28,,,,0.4,,,,,,,,,,,,,,,,,
1644,1644.0,2019-07-29,,,,0.0,,,,,,,,,,,,,,,,,
1645,1645.0,2019-07-30,,,,0.0,,,,,,,,,,,,,,,,,
1646,1646.0,2019-07-31,,,,7.8,,,,,,,,,,,,,,,,,
1647,1647.0,2019-08-01,,,,0.0,,,,,,,,,,,,,,,,,
1648,1648.0,2019-08-02,,,,0.0,,,,,,,,,,,,,,,,,
1649,1649.0,2019-08-03,,,,1.4,,,,,,,,,,,,,,,,,
1650,1650.0,2019-08-04,,,,0.0,,,,,,,,,,,,,,,,,
1651,1651.0,2019-08-05,,,,0.1,,,,,,,,,,,,,,,,,
1652,1652.0,2019-08-06,,,,1.1,,,,,,,,,,,,,,,,,
1653,1653.0,2019-08-07,,,,11.5,,,,,,,,,,,,,,,,,
1654,1654.0,2019-08-08,,,,0.0,,,,,,,,,,,,,,,,,
1655,1655.0,2019-08-09,,,,0.0,,,,,,,,,,,,,,,,,
1656,1656.0,2019-08-10,,,,6.9,,,,,,,,,,,,,,,,,
1657,1657.0,2019-08-11,,,,1.1,,,,,,,,,,,,,,,,,
1658,1658.0,2019-08-12,,,,0.0,,,,,,,,,,,,,,,,,
1659,1659.0,2019-08-13,,,,0.0,,,,,,,,,,,,,,,,,
1660,1660.0,2019-08-14,,,,0.0,,,,,,,,,,,,,,,,,
1661,1661.0,2019-08-15,,,,2.6,,,,,,,,,,,,,,,,,
1662,1662.0,2019-08-16,,,,0.6,,,,,,,,,,,,,,,,,
1663,1663.0,2019-08-17,,,,0.6,,,,,,,,,,,,,,,,,
1664,1664.0,2019-08-18,,,,16.7,,,,,,,,,,,,,,,,,
1665,1665.0,2019-08-19,,,,0.1,,,,,,,,,,,,,,,,,
1666,1666.0,2019-08-20,,,,8.3,,,,,,,,,,,,,,,,,
1667,1667.0,2019-08-21,,,,0.4,,,,,,,,,,,,,,,,,
1668,1668.0,2019-08-22,,,,0.0,,,,,,,,,,,,,,,,,
1669,1669.0,2019-08-23,,,,0.0,,,,,,,,,,,,,,,,,
1670,1670.0,2019-08-24,,,,0.0,,,,,,,,,,,,,,,,,
1671,1671.0,2019-08-25,,,,0.9,,,,,,,,,,,,,,,,,
1672,1672.0,2019-08-26,,,,0.0,,,,,,,,,,,,,,,,,
1673,1673.0,2019-08-27,,,,8.5,,,,,,,,,,,,,,,,,
1674,1674.0,2019-08-28,,,,0.0,,,,,,,,,,,,,,,,,
1675,1675.0,2019-08-29,,,,0.1,,,,,,,,,,,,,,,,,
1676,1676.0,2019-08-30,,,,0.0,,,,,,,,,,,,,,,,,
1677,1677.0,2019-08-31,,,,0.0,,,,,,,,,,,,,,,,,
1678,1678.0,2019-09-01,,,,0.0,,,,,,,,,,,,,,,,,
1679,1679.0,2019-09-02,,,,0.0,,,,,,,,,,,,,,,,,
1680,1680.0,2019-09-03,,,,0.0,,,,,,,,,,,,,,,,,
1681,1681.0,2019-09-04,,,,0.0,,,,,,,,,,,,,,,,,
1682,1682.0,2019-09-05,,,,0.3,,,,,,,,,,,,,,,,,
1683,1683.0,2019-09-06,,,,0.0,,,,,,,,,,,,,,,,,
1684,1684.0,2019-09-07,,,,0.4,,,,,,,,,,,,,,,,,
1685,1685.0,2019-09-08,,,,4.4,,,,,,,,,,,,,,,,,
1686,1686.0,2019-09-09,,,,34.2,,,,,,,,,,,,,,,,,
1687,1687.0,2019-09-10,,,,0.0,,,,,,,,,,,,,,,,,
1688,1688.0,2019-09-11,,,,0.0,,,,,,,,,,,,,,,,,
1689,1689.0,2019-09-12,,,,0.0,,,,,,,,,,,,,,,,,
1690,1690.0,2019-09-13,,,,0.0,,,,,,,,,,,,,,,,,
1691,1691.0,2019-09-14,,,,0.0,,,,,,,,,,,,,,,,,
1692,1692.0,2019-09-15,,,,0.0,,,,,,,,,,,,,,,,,
1693,1693.0,2019-09-16,,,,1.6,,,,,,,,,,,,,,,,,
1694,1694.0,2019-09-17,,,,0.6,,,,,,,,,,,,,,,,,
1695,1695.0,2019-09-18,,,,0.0,,,,,,,,,,,,,,,,,
1696,1696.0,2019-09-19,,,,0.0,,,,,,,,,,,,,,,,,
1697,1697.0,2019-09-20,,,,0.0,,,,,,,,,,,,,,,,,
1698,1698.0,2019-09-21,,,,0.0,,,,,,,,,,,,,,,,,
1699,1699.0,2019-09-22,,,,0.0,,,,,,,,,,,,,,,,,
1700,1700.0,2019-09-23,,,,0.5,,,,,,,,,,,,,,,,,
1701,1701.0,2019-09-24,,,,2.6,,,,,,,,,,,,,,,,,
1702,1702.0,2019-09-25,,,,8.5,,,,,,,,,,,,,,,,,
1703,1703.0,2019-09-26,,,,3.9,,,,,,,,,,,,,,,,,
1704,1704.0,2019-09-27,,,,16.5,,,,,,,,,,,,,,,,,
1705,1705.0,2019-09-28,,,,3.2,,,,,,,,,,,,,,,,,
1706,1706.0,2019-09-29,,,,0.4,,,,,,,,,,,,,,,,,
1707,1707.0,2019-09-30,,,,19.2,,,,,,,,,,,,,,,,,
1708,1708.0,2019-10-01,,,,7.2,,,,,,,,,,,,,,,,,
1709,1709.0,2019-10-02,,,,13.9,,,,,,,,,,,,,,,,,
1710,1710.0,2019-10-03,,,,1.7,,,,,,,,,,,,,,,,,
1711,1711.0,2019-10-04,,,,1.6,,,,,,,,,,,,,,,,,
1712,1712.0,2019-10-05,,,,7.7,,,,,,,,,,,,,,,,,
1713,1713.0,2019-10-06,,,,1.8,,,,,,,,,,,,,,,,,
1714,1714.0,2019-10-07,,,,0.9,,,,,,,,,,,,,,,,,
1715,1715.0,2019-10-08,,,,9.0,,,,,,,,,,,,,,,,,
1716,1716.0,2019-10-09,,,,5.6,,,,,,,,,,,,,,,,,
1717,1717.0,2019-10-10,,,,11.4,,,,,,,,,,,,,,,,,
1718,1718.0,2019-10-11,,,,0.0,,,,,,,,,,,,,,,,,
1719,1719.0,2019-10-12,,,,0.0,,,,,,,,,,,,,,,,,
1720,1720.0,2019-10-13,,,,0.0,,,,,,,,,,,,,,,,,
1721,1721.0,2019-10-14,,,,0.0,,,,,,,,,,,,,,,,,
1722,1722.0,2019-10-15,,,,0.0,,,,,,,,,,,,,,,,,
1723,1723.0,2019-10-16,,,,4.0,,,,,,,,,,,,,,,,,
1724,1724.0,2019-10-17,,,,0.0,,,,,,,,,,,,,,,,,
1725,1725.0,2019-10-18,,,,6.3,,,,,,,,,,,,,,,,,
1726,1726.0,2019-10-19,,,,0.5,,,,,,,,,,,,,,,,,
1727,1727.0,2019-10-20,,,,0.3,,,,,,,,,,,,,,,,,
1728,1728.0,2019-10-21,,,,0.0,,,,,,,,,,,,,,,,,
1729,1729.0,2019-10-22,,,,0.0,,,,,,,,,,,,,,,,,
1730,1730.0,2019-10-23,,,,0.0,,,,,,,,,,,,,,,,,
1731,1731.0,2019-10-24,,,,0.0,,,,,,,,,,,,,,,,,
1732,1732.0,2019-10-25,,,,0.0,,,,,,,,,,,,,,,,,
1733,1733.0,2019-10-26,,,,0.0,,,,,,,,,,,,,,,,,
1734,1734.0,2019-10-27,,,,6.5,,,,,,,,,,,,,,,,,
1735,1735.0,2019-10-28,,,,0.0,,,,,,,,,,,,,,,,,
1736,1736.0,2019-10-29,,,,0.0,,,,,,,,,,,,,,,,,
1737,1737.0,2019-10-30,,,,0.0,,,,,,,,,,,,,,,,,
1738,1738.0,2019-10-31,,,,0.0,,,,,,,,,,,,,,,,,
1739,1739.0,2019-11-01,,,,1.7,,,,,,,,,,,,,,,,,
1740,1740.0,2019-11-02,,,,11.6,,,,,,,,,,,,,,,,,
1741,1741.0,2019-11-03,,,,10.6,,,,,,,,,,,,,,,,,
1742,1742.0,2019-11-04,,,,14.2,,,,,,,,,,,,,,,,,
1743,1743.0,2019-11-05,,,,2.4,,,,,,,,,,,,,,,,,
1744,1744.0,2019-11-06,,,,2.9,,,,,,,,,,,,,,,,,
1745,1745.0,2019-11-07,,,,0.5,,,,,,,,,,,,,,,,,
1746,1746.0,2019-11-08,,,,5.6,,,,,,,,,,,,,,,,,
1747,1747.0,2019-11-09,,,,4.3,,,,,,,,,,,,,,,,,
1748,1748.0,2019-11-10,,,,0.0,,,,,,,,,,,,,,,,,
1749,1749.0,2019-11-11,,,,0.0,,,,,,,,,,,,,,,,,
1750,1750.0,2019-11-12,,,,0.1,,,,,,,,,,,,,,,,,
1751,1751.0,2019-11-13,,,,0.0,,,,,,,,,,,,,,,,,
1752,1752.0,2019-11-14,,,,0.0,,,,,,,,,,,,,,,,,
1753,1753.0,2019-11-15,,,,0.2,,,,,,,,,,,,,,,,,
1754,1754.0,2019-11-16,,,,2.2,,,,,,,,,,,,,,,,,
1755,1755.0,2019-11-17,,,,0.6,,,,,,,,,,,,,,,,,
1756,1756.0,2019-11-18,,,,0.0,,,,,,,,,,,,,,,,,
1757,1757.0,2019-11-19,,,,0.7,,,,,,,,,,,,,,,,,
1758,1758.0,2019-11-20,,,,0.1,,,,,,,,,,,,,,,,,
1759,1759.0,2019-11-21,,,,0.2,,,,,,,,,,,,,,,,,
1760,1760.0,2019-11-22,,,,0.0,,,,,,,,,,,,,,,,,
1761,1761.0,2019-11-23,,,,0.0,,,,,,,,,,,,,,,,,
1762,1762.0,2019-11-24,,,,0.0,,,,,,,,,,,,,,,,,
1763,1763.0,2019-11-25,,,,0.0,,,,,,,,,,,,,,,,,
1764,1764.0,2019-11-26,,,,0.0,,,,,,,,,,,,,,,,,
1765,1765.0,2019-11-27,,,,4.1,,,,,,,,,,,,,,,,,
1766,1766.0,2019-11-28,,,,8.3,,,,,,,,,,,,,,,,,
1767,1767.0,2019-11-29,,,,8.1,,,,,,,,,,,,,,,,,
1768,1768.0,2019-11-30,,,,0.9,,,,,,,,,,,,,,,,,
1769,1769.0,2019-12-01,,,,0.0,,,,,,,,,,,,,,,,,
1770,1770.0,2019-12-02,,,,0.1,,,,,,,,,,,,,,,,,
1771,1771.0,2019-12-03,,,,0.3,,,,,,,,,,,,,,,,,
1772,1772.0,2019-12-04,,,,0.0,,,,,,,,,,,,,,,,,
1773,1773.0,2019-12-05,,,,0.0,,,,,,,,,,,,,,,,,
1774,1774.0,2019-12-06,,,,1.1,,,,,,,,,,,,,,,,,
1775,1775.0,2019-12-07,,,,11.4,,,,,,,,,,,,,,,,,
1776,1776.0,2019-12-08,,,,7.9,,,,,,,,,,,,,,,,,
1777,1777.0,2019-12-09,,,,6.1,,,,,,,,,,,,,,,,,
1778,1778.0,2019-12-10,,,,1.0,,,,,,,,,,,,,,,,,
1779,1779.0,2019-12-11,,,,2.3,,,,,,,,,,,,,,,,,
1780,1780.0,2019-12-12,,,,2.0,,,,,,,,,,,,,,,,,
1781,1781.0,2019-12-13,,,,9.1,,,,,,,,,,,,,,,,,
1782,1782.0,2019-12-14,,,,11.6,,,,,,,,,,,,,,,,,
1783,1783.0,2019-12-15,,,,14.2,,,,,,,,,,,,,,,,,
1784,1784.0,2019-12-16,,,,1.6,,,,,,,,,,,,,,,,,
1785,1785.0,2019-12-17,,,,0.0,,,,,,,,,,,,,,,,,
1786,1786.0,2019-12-18,,,,0.6,,,,,,,,,,,,,,,,,
1787,1787.0,2019-12-19,,,,0.0,,,,,,,,,,,,,,,,,
1788,1788.0,2019-12-20,,,,0.4,,,,,,,,,,,,,,,,,
1789,1789.0,2019-12-21,,,,3.5,,,,,,,,,,,,,,,,,
1790,1790.0,2019-12-22,,,,2.6,,,,,,,,,,,,,,,,,
1791,1791.0,2019-12-23,,,,1.9,,,,,,,,,,,,,,,,,
1792,1792.0,2019-12-24,,,,3.4,,,,,,,,,,,,,,,,,
1793,1793.0,2019-12-25,,,,5.3,,,,,,,,,,,,,,,,,
1794,1794.0,2019-12-26,,,,2.6,,,,,,,,,,,,,,,,,
1795,1795.0,2019-12-27,,,,0.0,,,,,,,,,,,,,,,,,
1796,1796.0,2019-12-28,,,,0.0,,,,,,,,,,,,,,,,,
1797,1797.0,2019-12-29,,,,0.0,,,,,,,,,,,,,,,,,
1798,1798.0,2019-12-30,,,,0.0,,,,,,,,,,,,,,,,,
1799,1799.0,2019-12-31,,,,0.0,,,,,,,,,,,,,,,,,
1800,1800.0,2020-01-01,,,,0.0,,,,,,,,,,,,,,,,,
1801,1801.0,2020-01-02,,,,0.0,,,,,,,,,,,,,,,,,
1802,1802.0,2020-01-03,,,,2.2,,,,,,,,,,,,,,,,,
1803,1803.0,2020-01-04,,,,3.1,,,,,,,,,,,,,,,,,
1804,1804.0,2020-01-05,,,,0.0,,,,,,,,,,,,,,,,,
1805,1805.0,2020-01-06,,,,0.0,,,,,,,,,,,,,,,,,
1806,1806.0,2020-01-07,,,,0.4,,,,,,,,,,,,,,,,,
1807,1807.0,2020-01-08,,,,2.1,,,,,,,,,,,,,,,,,
1808,1808.0,2020-01-09,,,,6.2,,,,,,,,,,,,,,,,,
1809,1809.0,2020-01-10,,,,6.3,,,,,,,,,,,,,,,,,
1810,1810.0,2020-01-11,,,,0.0,,,,,,,,,,,,,,,,,
1811,1811.0,2020-01-12,,,,0.0,,,,,,,,,,,,,,,,,
1812,1812.0,2020-01-13,,,,0.8,,,,,,,,,,,,,,,,,
1813,1813.0,2020-01-14,,,,0.0,,,,,,,,,,,,,,,,,
1814,1814.0,2020-01-15,,,,0.0,,,,,,,,,,,,,,,,,
1815,1815.0,2020-01-16,,,,0.0,,,,,,,,,,,,,,,,,
1816,1816.0,2020-01-17,,,,0.0,,,,,,,,,,,,,,,,,
1817,1817.0,2020-01-18,,,,0.0,,,,,,,,,,,,,,,,,
1818,1818.0,2020-01-19,,,,2.4,,,,,,,,,,,,,,,,,
1819,1819.0,2020-01-20,,,,0.0,,,,,,,,,,,,,,,,,
1820,1820.0,2020-01-21,,,,0.0,,,,,,,,,,,,,,,,,
1821,1821.0,2020-01-22,,,,0.0,,,,,,,,,,,,,,,,,
1822,1822.0,2020-01-23,,,,0.0,,,,,,,,,,,,,,,,,
1823,1823.0,2020-01-24,,,,0.0,,,,,,,,,,,,,,,,,
1824,1824.0,2020-01-25,,,,0.0,,,,,,,,,,,,,,,,,
1825,1825.0,2020-01-26,,,,0.0,,,,,,,,,,,,,,,,,
1826,1826.0,2020-01-27,,,,3.0,,,,,,,,,,,,,,,,,
1827,1827.0,2020-01-28,,,,17.6,,,,,,,,,,,,,,,,,
1828,1828.0,2020-01-29,,,,3.6,,,,,,,,,,,,,,,,,
1829,1829.0,2020-01-30,,,,0.0,,,,,,,,,,,,,,,,,
1830,1830.0,2020-01-31,,,,9.7,,,,,,,,,,,,,,,,,
1831,1831.0,2020-02-01,,,,16.0,,,,,,,,,,,,,,,,,
1832,1832.0,2020-02-02,,,,9.7,,,,,,,,,,,,,,,,,
1833,1833.0,2020-02-03,,,,6.4,,,,,,,,,,,,,,,,,
1834,1834.0,2020-02-04,,,,15.1,,,,,,,,,,,,,,,,,
1835,1835.0,2020-02-05,,,,1.4,,,,,,,,,,,,,,,,,
1836,1836.0,2020-02-06,,,,0.0,,,,,,,,,,,,,,,,,
1837,1837.0,2020-02-07,,,,0.0,,,,,,,,,,,,,,,,,
1838,1838.0,2020-02-08,,,,0.0,,,,,,,,,,,,,,,,,
1839,1839.0,2020-02-09,,,,0.0,,,,,,,,,,,,,,,,,
1840,1840.0,2020-02-10,,,,28.7,,,,,,,,,,,,,,,,,
1841,1841.0,2020-02-11,,,,11.3,,,,,,,,,,,,,,,,,
1842,1842.0,2020-02-12,,,,1.9,,,,,,,,,,,,,,,,,
1843,1843.0,2020-02-13,,,,3.2,,,,,,,,,,,,,,,,,
1844,1844.0,2020-02-14,,,,4.3,,,,,,,,,,,,,,,,,
1845,1845.0,2020-02-15,,,,0.0,,,,,,,,,,,,,,,,,
1846,1846.0,2020-02-16,,,,1.1,,,,,,,,,,,,,,,,,
1847,1847.0,2020-02-17,,,,7.3,,,,,,,,,,,,,,,,,
1848,1848.0,2020-02-18,,,,1.7,,,,,,,,,,,,,,,,,
1849,1849.0,2020-02-19,,,,6.2,,,,,,,,,,,,,,,,,
1850,1850.0,2020-02-20,,,,0.4,,,,,,,,,,,,,,,,,
1851,1851.0,2020-02-21,,,,7.0,,,,,,,,,,,,,,,,,
1852,1852.0,2020-02-22,,,,0.0,,,,,,,,,,,,,,,,,
1853,1853.0,2020-02-23,,,,24.9,,,,,,,,,,,,,,,,,
1854,1854.0,2020-02-24,,,,0.9,,,,,,,,,,,,,,,,,
1855,1855.0,2020-02-25,,,,14.1,,,,,,,,,,,,,,,,,
1856,1856.0,2020-02-26,,,,6.0,,,,,,,,,,,,,,,,,
1857,1857.0,2020-02-27,,,,7.6,,,,,,,,,,,,,,,,,
1858,1858.0,2020-02-28,,,,1.5,,,,,,,,,,,,,,,,,
1859,1859.0,2020-02-29,,,,8.8,,,,,,,,,,,,,,,,,
1860,1860.0,2020-03-01,,,,2.6,,,,,,,,,,,,,,,,,
1861,1861.0,2020-03-02,,,,3.6,,,,,,,,,,,,,,,,,
1862,1862.0,2020-03-03,,,,4.0,,,,,,,,,,,,,,,,,
1863,1863.0,2020-03-04,,,,0.6,,,,,,,,,,,,,,,,,
1864,1864.0,2020-03-05,,,,6.0,,,,,,,,,,,,,,,,,
1865,1865.0,2020-03-06,,,,9.0,,,,,,,,,,,,,,,,,
1866,1866.0,2020-03-07,,,,3.3,,,,,,,,,,,,,,,,,
1867,1867.0,2020-03-08,,,,0.0,,,,,,,,,,,,,,,,,
1868,1868.0,2020-03-09,,,,2.4,,,,,,,,,,,,,,,,,
1869,1869.0,2020-03-10,,,,13.2,,,,,,,,,,,,,,,,,
1870,1870.0,2020-03-11,,,,45.4,,,,,,,,,,,,,,,,,
1871,1871.0,2020-03-12,,,,1.5,,,,,,,,,,,,,,,,,
1872,1872.0,2020-03-13,,,,0.7,,,,,,,,,,,,,,,,,
1873,1873.0,2020-03-14,,,,0.0,,,,,,,,,,,,,,,,,
1874,1874.0,2020-03-15,,,,0.0,,,,,,,,,,,,,,,,,
1875,1875.0,2020-03-16,,,,0.0,,,,,,,,,,,,,,,,,
1876,1876.0,2020-03-17,,,,0.4,,,,,,,,,,,,,,,,,
1877,1877.0,2020-03-18,,,,0.0,,,,,,,,,,,,,,,,,
1878,1878.0,2020-03-19,,,,0.0,,,,,,,,,,,,,,,,,
1879,1879.0,2020-03-20,,,,0.7,,,,,,,,,,,,,,,,,
1880,1880.0,2020-03-21,,,,0.2,,,,,,,,,,,,,,,,,
1881,1881.0,2020-03-22,,,,0.0,,,,,,,,,,,,,,,,,
1882,1882.0,2020-03-23,,,,0.0,,,,,,,,,,,,,,,,,
1883,1883.0,2020-03-24,,,,0.0,,,,,,,,,,,,,,,,,
1884,1884.0,2020-03-25,,,,0.0,,,,,,,,,,,,,,,,,
1885,1885.0,2020-03-26,,,,0.0,,,,,,,,,,,,,,,,,
1886,1886.0,2020-03-27,,,,0.0,,,,,,,,,,,,,,,,,
1887,1887.0,2020-03-28,,,,0.0,,,,,,,,,,,,,,,,,
1888,1888.0,2020-03-30,,,,0.2,,,,,,,,,,,,,,,,,
1889,1889.0,2020-03-31,,,,1.3,,,,,,,,,,,,,,,,,
1890,1890.0,2020-04-01,,,,0.0,,,,,,,,,,,,,,,,,
1891,1891.0,2020-04-02,,,,0.0,,,,,,,,,,,,,,,,,
1892,1892.0,2020-04-03,,,,0.0,,,,,,,,,,,,,,,,,
1893,1893.0,2020-04-04,,,,0.0,,,,,,,,,,,,,,,,,
1894,1894.0,2020-04-05,,,,0.0,,,,,,,,,,,,,,,,,
1895,1895.0,2020-04-06,,,,0.0,,,,,,,,,,,,,,,,,
1896,1896.0,2020-04-07,,,,0.0,,,,,,,,,,,,,,,,,
1897,1897.0,2020-04-08,,,,0.0,,,,,,,,,,,,,,,,,
1898,1898.0,2020-04-09,,,,0.0,,,,,,,,,,,,,,,,,
1899,1899.0,2020-04-10,,,,0.0,,,,,,,,,,,,,,,,,
1900,1900.0,2020-04-11,,,,0.0,,,,,,,,,,,,,,,,,
1901,1901.0,2020-04-12,,,,0.0,,,,,,,,,,,,,,,,,
1902,1902.0,2020-04-13,,,,0.7,,,,,,,,,,,,,,,,,
1903,1903.0,2020-04-14,,,,1.7,,,,,,,,,,,,,,,,,
1904,1904.0,2020-04-15,,,,0.0,,,,,,,,,,,,,,,,,
1905,1905.0,2020-04-16,,,,0.0,,,,,,,,,,,,,,,,,
1906,1906.0,2020-04-17,,,,0.0,,,,,,,,,,,,,,,,,
1907,1907.0,2020-04-18,,,,0.2,,,,,,,,,,,,,,,,,
1908,1908.0,2020-04-19,,,,2.1,,,,,,,,,,,,,,,,,
1909,1909.0,2020-04-20,,,,0.0,,,,,,,,,,,,,,,,,
1910,1910.0,2020-04-21,,,,0.0,,,,,,,,,,,,,,,,,
1911,1911.0,2020-04-22,,,,0.0,,,,,,,,,,,,,,,,,
1912,1912.0,2020-04-23,,,,0.0,,,,,,,,,,,,,,,,,
1913,1913.0,2020-04-24,,,,0.0,,,,,,,,,,,,,,,,,
1914,1914.0,2020-04-25,,,,0.0,,,,,,,,,,,,,,,,,
1915,1915.0,2020-04-26,,,,0.0,,,,,,,,,,,,,,,,,
1916,1916.0,2020-04-27,,,,0.0,,,,,,,,,,,,,,,,,
1917,1917.0,2020-04-28,,,,0.2,,,,,,,,,,,,,,,,,
1918,1918.0,2020-04-29,,,,0.7,,,,,,,,,,,,,,,,,
1919,1919.0,2020-04-30,,,,4.6,,,,,,,,,,,,,,,,,
1920,1920.0,2020-05-01,,,,4.4,,,,,,,,,,,,,,,,,
1921,1921.0,2020-05-02,,,,9.4,,,,,,,,,,,,,,,,,
1922,1922.0,2020-05-03,,,,0.0,,,,,,,,,,,,,,,,,
1923,1923.0,2020-05-04,,,,3.8,,,,,,,,,,,,,,,,,
1924,1924.0,2020-05-05,,,,0.0,,,,,,,,,,,,,,,,,
1925,1925.0,2020-05-06,,,,0.0,,,,,,,,,,,,,,,,,
1926,1926.0,2020-05-07,,,,0.0,,,,,,,,,,,,,,,,,
1927,1927.0,2020-05-08,,,,0.0,,,,,,,,,,,,,,,,,
1928,1928.0,2020-05-09,,,,0.3,,,,,,,,,,,,,,,,,
1929,1929.0,2020-05-10,,,,0.0,,,,,,,,,,,,,,,,,
1930,1930.0,2020-05-11,,,,26.4,,,,,,,,,,,,,,,,,
1931,1931.0,2020-05-12,,,,0.0,,,,,,,,,,,,,,,,,
1932,1932.0,2020-05-13,,,,0.0,,,,,,,,,,,,,,,,,
1933,1933.0,2020-05-14,,,,0.0,,,,,,,,,,,,,,,,,
1934,1934.0,2020-05-15,,,,0.0,,,,,,,,,,,,,,,,,
1935,1935.0,2020-05-16,,,,0.0,,,,,,,,,,,,,,,,,
1936,1936.0,2020-05-17,,,,0.0,,,,,,,,,,,,,,,,,
1937,1937.0,2020-05-18,,,,0.0,,,,,,,,,,,,,,,,,
1938,1938.0,2020-05-19,,,,0.0,,,,,,,,,,,,,,,,,
1939,1939.0,2020-05-20,,,,0.0,,,,,,,,,,,,,,,,,
1940,1940.0,2020-05-21,,,,0.0,,,,,,,,,,,,,,,,,
1941,1941.0,2020-05-22,,,,0.0,,,,,,,,,,,,,,,,,
1942,1942.0,2020-05-23,,,,21.0,,,,,,,,,,,,,,,,,
1943,1943.0,2020-05-24,,,,1.1,,,,,,,,,,,,,,,,,
1944,1944.0,2020-05-25,,,,1.2,,,,,,,,,,,,,,,,,
1945,1945.0,2020-05-26,,,,0.0,,,,,,,,,,,,,,,,,
1946,1946.0,2020-05-27,,,,0.0,,,,,,,,,,,,,,,,,
1947,1947.0,2020-05-28,,,,1.7,,,,,,,,,,,,,,,,,
1948,1948.0,2020-05-29,,,,0.0,,,,,,,,,,,,,,,,,
1949,1949.0,2020-05-30,,,,0.0,,,,,,,,,,,,,,,,,
1950,1950.0,2020-05-31,,,,0.0,,,,,,,,,,,,,,,,,
1951,1951.0,2020-06-01,,,,0.0,,,,,,,,,,,,,,,,,
1952,1952.0,2020-06-02,,,,0.0,,,,,,,,,,,,,,,,,
1953,1953.0,2020-06-03,,,,0.0,,,,,,,,,,,,,,,,,
1954,1954.0,2020-06-04,,,,4.5,,,,,,,,,,,,,,,,,
1955,1955.0,2020-06-05,,,,7.7,,,,,,,,,,,,,,,,,
1956,1956.0,2020-06-06,,,,1.7,,,,,,,,,,,,,,,,,
1957,1957.0,2020-06-07,,,,5.8,,,,,,,,,,,,,,,,,
1958,1958.0,2020-06-08,,,,0.0,,,,,,,,,,,,,,,,,
1959,1959.0,2020-06-09,,,,7.7,,,,,,,,,,,,,,,,,
1960,1960.0,2020-06-10,,,,12.5,,,,,,,,,,,,,,,,,
1961,1961.0,2020-06-11,,,,8.9,,,,,,,,,,,,,,,,,
1962,1962.0,2020-06-12,,,,0.0,,,,,,,,,,,,,,,,,
1963,1963.0,2020-06-13,,,,0.0,,,,,,,,,,,,,,,,,
1964,1964.0,2020-06-14,,,,6.9,,,,,,,,,,,,,,,,,
1965,1965.0,2020-06-15,,,,5.8,,,,,,,,,,,,,,,,,
1966,1966.0,2020-06-16,,,,2.0,,,,,,,,,,,,,,,,,
1967,1967.0,2020-06-17,,,,0.0,,,,,,,,,,,,,,,,,
1968,1968.0,2020-06-18,,,,12.1,,,,,,,,,,,,,,,,,
1969,1969.0,2020-06-19,,,,11.0,,,,,,,,,,,,,,,,,
1970,1970.0,2020-06-20,,,,2.7,,,,,,,,,,,,,,,,,
1971,1971.0,2020-06-21,,,,0.0,,,,,,,,,,,,,,,,,
1972,1972.0,2020-06-22,,,,0.1,,,,,,,,,,,,,,,,,
1973,1973.0,2020-06-23,,,,0.0,,,,,,,,,,,,,,,,,
1974,1974.0,2020-06-24,,,,0.0,,,,,,,,,,,,,,,,,
1975,1975.0,2020-06-25,,,,1.9,,,,,,,,,,,,,,,,,
1976,1976.0,2020-06-26,,,,0.0,,,,,,,,,,,,,,,,,
1977,1977.0,2020-06-27,,,,0.5,,,,,,,,,,,,,,,,,
1978,1978.0,2020-06-28,,,,8.6,,,,,,,,,,,,,,,,,
1979,1979.0,2020-06-29,,,,1.0,,,,,,,,,,,,,,,,,
1980,1980.0,2020-06-30,,,,0.4,,,,,,,,,,,,,,,,,
1981,1981.0,2020-07-01,,,,0.0,,,,,,,,,,,,,,,,,
1982,1982.0,2020-07-02,,,,0.1,,,,,,,,,,,,,,,,,
1983,1983.0,2020-07-03,,,,6.9,,,,,,,,,,,,,,,,,
1984,1984.0,2020-07-04,,,,0.0,,,,,,,,,,,,,,,,,
1985,1985.0,2020-07-05,,,,0.0,,,,,,,,,,,,,,,,,
1986,1986.0,2020-07-06,,,,1.4,,,,,,,,,,,,,,,,,
1987,1987.0,2020-07-07,,,,0.0,,,,,,,,,,,,,,,,,
1988,1988.0,2020-07-08,,,,4.8,,,,,,,,,,,,,,,,,
1989,1989.0,2020-07-09,,,,0.9,,,,,,,,,,,,,,,,,
1990,1990.0,2020-07-10,,,,0.0,,,,,,,,,,,,,,,,,
1991,1991.0,2020-07-11,,,,0.0,,,,,,,,,,,,,,,,,
1992,1992.0,2020-07-12,,,,0.0,,,,,,,,,,,,,,,,,
1993,1993.0,2020-07-13,,,,0.0,,,,,,,,,,,,,,,,,
1994,1994.0,2020-07-14,,,,0.0,,,,,,,,,,,,,,,,,
1995,1995.0,2020-07-15,,,,7.5,,,,,,,,,,,,,,,,,
1996,1996.0,2020-07-16,,,,0.0,,,,,,,,,,,,,,,,,
1997,1997.0,2020-07-17,,,,0.1,,,,,,,,,,,,,,,,,
1998,1998.0,2020-07-18,,,,0.0,,,,,,,,,,,,,,,,,
1999,1999.0,2020-07-19,,,,6.0,,,,,,,,,,,,,,,,,
2000,2000.0,2020-07-20,,,,0.9,,,,,,,,,,,,,,,,,
2001,2001.0,2020-07-21,,,,0.0,,,,,,,,,,,,,,,,,
2002,2002.0,2020-07-22,,,,0.0,,,,,,,,,,,,,,,,,
2003,2003.0,2020-07-23,,,,0.0,,,,,,,,,,,,,,,,,
2004,2004.0,2020-07-24,,,,0.0,,,,,,,,,,,,,,,,,
2005,2005.0,2020-07-25,,,,0.0,,,,,,,,,,,,,,,,,
2006,2006.0,2020-07-26,,,,9.3,,,,,,,,,,,,,,,,,
2007,2007.0,2020-07-27,,,,0.0,,,,,,,,,,,,,,,,,
2008,2008.0,2020-07-28,,,,0.0,,,,,,,,,,,,,,,,,
2009,2009.0,2020-07-29,,,,0.0,,,,,,,,,,,,,,,,,
2010,2010.0,2020-07-30,,,,0.0,,,,,,,,,,,,,,,,,
2011,2011.0,2020-07-31,,,,0.0,,,,,,,,,,,,,,,,,
2012,2012.0,2020-08-01,,,,0.0,,,,,,,,,,,,,,,,,
2013,2013.0,2020-08-02,,,,7.2,,,,,,,,,,,,,,,,,
2014,2014.0,2020-08-03,,,,0.0,,,,,,,,,,,,,,,,,
2015,2015.0,2020-08-04,,,,0.0,,,,,,,,,,,,,,,,,
2016,2016.0,2020-08-05,,,,0.0,,,,,,,,,,,,,,,,,
2017,2017.0,2020-08-06,,,,0.0,,,,,,,,,,,,,,,,,
2018,2018.0,2020-08-07,,,,0.0,,,,,,,,,,,,,,,,,
2019,2019.0,2020-08-08,,,,0.0,,,,,,,,,,,,,,,,,
2020,2020.0,2020-08-09,,,,0.0,,,,,,,,,,,,,,,,,
2021,2021.0,2020-08-10,,,,0.0,,,,,,,,,,,,,,,,,
2022,2022.0,2020-08-11,,,,0.4,,,,,,,,,,,,,,,,,
2023,2023.0,2020-08-12,,,,7.1,,,,,,,,,,,,,,,,,
2024,2024.0,2020-08-13,,,,10.5,,,,,,,,,,,,,,,,,
2025,2025.0,2020-08-14,,,,1.7,,,,,,,,,,,,,,,,,
2026,2026.0,2020-08-15,,,,12.8,,,,,,,,,,,,,,,,,
2027,2027.0,2020-08-16,,,,0.0,,,,,,,,,,,,,,,,,
2028,2028.0,2020-08-17,,,,6.3,,,,,,,,,,,,,,,,,
2029,2029.0,2020-08-18,,,,0.0,,,,,,,,,,,,,,,,,
2030,2030.0,2020-08-19,,,,0.0,,,,,,,,,,,,,,,,,
2031,2031.0,2020-08-20,,,,0.0,,,,,,,,,,,,,,,,,
2032,2032.0,2020-08-21,,,,0.0,,,,,,,,,,,,,,,,,
2033,2033.0,2020-08-22,,,,14.0,,,,,,,,,,,,,,,,,
2034,2034.0,2020-08-23,,,,1.3,,,,,,,,,,,,,,,,,
2035,2035.0,2020-08-24,,,,0.0,,,,,,,,,,,,,,,,,
2036,2036.0,2020-08-25,,,,0.0,,,,,,,,,,,,,,,,,
2037,2037.0,2020-08-26,,,,0.0,,,,,,,,,,,,,,,,,
2038,2038.0,2020-08-27,,,,0.0,,,,,,,,,,,,,,,,,
2039,2039.0,2020-08-28,,,,3.1,,,,,,,,,,,,,,,,,
2040,2040.0,2020-08-29,,,,0.0,,,,,,,,,,,,,,,,,
2041,2041.0,2020-08-30,,,,28.3,,,,,,,,,,,,,,,,,
2042,2042.0,2020-08-31,,,,20.3,,,,,,,,,,,,,,,,,
2043,2043.0,2020-09-01,,,,2.8,,,,,,,,,,,,,,,,,
2044,2044.0,2020-09-02,,,,2.3,,,,,,,,,,,,,,,,,
2045,2045.0,2020-09-03,,,,0.5,,,,,,,,,,,,,,,,,
2046,2046.0,2020-09-04,,,,0.3,,,,,,,,,,,,,,,,,
2047,2047.0,2020-09-05,,,,0.9,,,,,,,,,,,,,,,,,
2048,2048.0,2020-09-06,,,,0.0,,,,,,,,,,,,,,,,,
2049,2049.0,2020-09-07,,,,0.0,,,,,,,,,,,,,,,,,
2050,2050.0,2020-09-08,,,,0.0,,,,,,,,,,,,,,,,,
2051,2051.0,2020-09-09,,,,0.0,,,,,,,,,,,,,,,,,
2052,2052.0,2020-09-10,,,,0.9,,,,,,,,,,,,,,,,,
2053,2053.0,2020-09-11,,,,0.0,,,,,,,,,,,,,,,,,
2054,2054.0,2020-09-12,,,,0.0,,,,,,,,,,,,,,,,,
2055,2055.0,2020-09-13,,,,0.0,,,,,,,,,,,,,,,,,
2056,2056.0,2020-09-14,,,,0.0,,,,,,,,,,,,,,,,,
2057,2057.0,2020-09-15,,,,0.0,,,,,,,,,,,,,,,,,
2058,2058.0,2020-09-16,,,,0.0,,,,,,,,,,,,,,,,,
2059,2059.0,2020-09-17,,,,0.0,,,,,,,,,,,,,,,,,
2060,2060.0,2020-09-18,,,,0.0,,,,,,,,,,,,,,,,,
2061,2061.0,2020-09-19,,,,0.0,,,,,,,,,,,,,,,,,
2062,2062.0,2020-09-20,,,,0.0,,,,,,,,,,,,,,,,,
2063,2063.0,2020-09-21,,,,0.0,,,,,,,,,,,,,,,,,
2064,2064.0,2020-09-22,,,,0.0,,,,,,,,,,,,,,,,,
2065,2065.0,2020-09-23,,,,0.0,,,,,,,,,,,,,,,,,
2066,2066.0,2020-09-24,,,,0.0,,,,,,,,,,,,,,,,,
2067,2067.0,2020-09-25,,,,17.1,,,,,,,,,,,,,,,,,
2068,2068.0,2020-09-26,,,,21.4,,,,,,,,,,,,,,,,,
2069,2069.0,2020-09-27,,,,0.8,,,,,,,,,,,,,,,,,
2070,2070.0,2020-09-28,,,,0.0,,,,,,,,,,,,,,,,,
2071,2071.0,2020-09-29,,,,0.0,,,,,,,,,,,,,,,,,
2072,2072.0,2020-09-30,,,,0.0,,,,,,,,,,,,,,,,,
2073,2073.0,2020-10-01,,,,0.0,,,,,,,,,,,,,,,,,
2107,,,,,,,,,,,,,Alpen,59.59,12479.0,6142.0,6337.0,209.0,46519,"6,511241","51,575134",Niederrhein,gering besiedelt
